sample_key,gold_answer,reasoner_answer,final_answer,reasoner_correct,final_correct
qa_4919,B,B,B,1,1
qa_2149,A,A,A,1,1
qa_7963,A,D,D,0,0
qa_2939,C,C,C,1,1
qa_9016,D,D,D,1,1
qa_9514,B,B,B,1,1
qa_3136,B,B,B,1,1
huatuo_7316,A,A,A,1,1
qa_1951,A,C,A,0,1
qa_4758,D,D,D,1,1
MedXpertQA_392,I,F,F,0,0
medqa_6546,A,A,A,1,1
qa_1852,C,C,C,1,1
qa_3704,A,A,A,1,1
qa_3723,D,D,D,1,1
huatuo_7845,B,B,B,1,1
qa_2651,C,A,A,0,0
medqa_5471,D,C,C,0,0
qa_8533,B,B,B,1,1
qa_2049,C,C,C,1,1
medqa_6954,C,D,C,0,1
MedXpertQA_598,J,F,F,0,0
MedXpertQA_887,H,D,D,0,0
qa_3618,A,A,A,1,1
medqa_4418,D,B,B,0,0
qa_7975,D,D,D,1,1
qa_9405,C,C,C,1,1
medqa_159,A,A,A,1,1
huatuo_7306,C,C,C,1,1
qa_3427,B,B,B,1,1
medqa_5243,A,B,B,0,0
medqa_54,D,D,D,1,1
qa_1938,A,A,A,1,1
qa_2690,B,B,B,1,1
qa_7942,D,B,B,0,0
medqa_4210,D,C,C,0,0
medqa_6729,D,D,D,1,1
huatuo_8489,B,B,B,1,1
medqa_7492,D,D,D,1,1
medqa_7483,A,A,A,1,1
qa_2918,B,A,A,0,0
MedXpertQA_587,F,F,F,1,1
qa_6099,A,A,A,1,1
medqa_618,A,A,A,1,1
qa_3911,C,B,B,0,0
qa_1262,B,B,B,1,1
qa_3456,D,C,C,0,0
qa_6122,A,A,A,1,1
qa_1444,C,C,C,1,1
MedXpertQA_411,B,B,B,1,1
qa_1044,C,C,C,1,1
qa_9644,A,A,A,1,1
medqa_516,B,B,B,1,1
medmcqa_3140,B,B,B,1,1
qa_8739,A,A,A,1,1
qa_2185,B,B,B,1,1
qa_1068,A,A,A,1,1
medqa_4604,B,B,B,1,1
qa_6282,B,B,B,1,1
medqa_4357,C,B,B,0,0
medmcqa_3550,A,A,A,1,1
qa_9487,A,A,A,1,1
qa_5324,C,C,C,1,1
huatuo_8993,B,B,B,1,1
pubmedqa_artificial_1486,A,A,A,1,1
qa_3524,C,C,C,1,1
qa_3387,B,C,C,0,0
qa_6879,C,C,C,1,1
huatuo_4479,E,B,B,0,0
qa_6276,D,D,D,1,1
qa_2484,B,B,B,1,1
MMLU_909,B,B,B,1,1
qa_2744,C,B,B,0,0
qa_8442,B,B,B,1,1
qa_9358,B,B,B,1,1
medqa_5014,A,A,A,1,1
qa_3201,A,B,B,0,0
qa_9436,C,C,A,1,0
medqa_181,A,A,A,1,1
qa_5362,B,C,C,0,0
qa_2005,E,B,B,0,0
qa_6375,B,B,B,1,1
medqa_6602,A,A,A,1,1
qa_5995,C,C,C,1,1
MedXpertQA_762,D,J,J,0,0
qa_2930,B,B,B,1,1
huatuo_1485,A,A,A,1,1
medqa_4084,A,A,A,1,1
qa_1578,A,A,A,1,1
medqa_7124,D,D,D,1,1
medqa_4378,C,C,C,1,1
qa_1277,D,D,D,1,1
qa_8639,A,B,B,0,0
pubmedqa_artificial_9359,A,A,A,1,1
qa_8281,C,C,C,1,1
pubmedqa_artificial_2013,A,A,A,1,1
qa_400,A,A,A,1,1
medqa_585,C,C,C,1,1
huatuo_8505,A,A,A,1,1
qa_8573,C,C,C,1,1
medqa_5021,C,C,C,1,1
qa_1170,D,D,D,1,1
qa_4560,A,A,A,1,1
medqa_4340,C,C,C,1,1
qa_2957,D,D,D,1,1
qa_9222,C,C,C,1,1
qa_7572,A,A,A,1,1
qa_9438,A,A,A,1,1
MMLU_918,A,A,A,1,1
qa_2639,C,C,C,1,1
medqa_4082,C,B,B,0,0
MedXpertQA_585,B,G,G,0,0
medqa_4181,C,A,A,0,0
medqa_4849,A,A,A,1,1
medqa_7418,A,A,A,1,1
qa_3934,A,A,A,1,1
qa_2826,A,A,A,1,1
qa_6436,C,C,C,1,1
MedXpertQA_71,G,B,A,0,0
medqa_5275,B,B,B,1,1
qa_2277,E,A,A,0,0
qa_8851,B,B,B,1,1
LastHumanity_125,D,A,A,0,0
qa_6335,C,C,C,1,1
qa_57,A,B,B,0,0
qa_1658,C,C,C,1,1
MedXpertQA_338,D,A,A,0,0
medmcqa_1012,C,C,C,1,1
medqa_7572,A,A,A,1,1
qa_9319,A,A,A,1,1
medqa_5129,C,C,C,1,1
qa_2333,B,B,B,1,1
qa_5165,A,C,C,0,0
huatuo_7376,A,A,A,1,1
qa_8658,C,C,C,1,1
qa_6011,B,B,B,1,1
qa_6090,D,D,D,1,1
qa_1038,D,B,B,0,0
medqa_6673,D,D,D,1,1
qa_3296,D,D,D,1,1
qa_1155,B,B,B,1,1
qa_5571,A,A,A,1,1
MedXpertQA_314,B,A,A,0,0
medqa_4046,D,B,B,0,0
medqa_7274,B,B,B,1,1
MedXpertQA_260,I,I,I,1,1
medqa_6912,D,D,D,1,1
qa_2124,B,B,B,1,1
pubmedqa_artificial_7830,A,A,A,1,1
pubmedqa_artificial_9303,A,A,A,1,1
qa_8543,A,A,A,1,1
huatuo_1131,D,D,D,1,1
medqa_7103,B,B,B,1,1
qa_6193,B,B,B,1,1
qa_8486,C,C,C,1,1
qa_3548,B,A,A,0,0
pubmedqa_108,A,A,A,1,1
medqa_5664,A,C,A,0,1
medqa_7405,C,C,C,1,1
medqa_458,A,A,A,1,1
qa_2506,B,B,B,1,1
medqa_588,B,B,B,1,1
MMLU_1000,B,B,B,1,1
pubmedqa_artificial_7338,A,A,A,1,1
medqa_106,A,A,A,1,1
huatuo_9245,C,C,C,1,1
medqa_8,D,D,A,1,0
medqa_6920,B,C,C,0,0
qa_1216,D,A,A,0,0
qa_6229,D,D,D,1,1
qa_1911,C,C,C,1,1
qa_9175,A,A,A,1,1
qa_1640,A,A,A,1,1
medqa_6009,B,C,C,0,0
medqa_32,C,C,C,1,1
qa_1985,C,C,C,1,1
qa_5729,A,A,A,1,1
medqa_283,C,C,C,1,1
qa_5121,D,B,B,0,0
medqa_596,B,B,B,1,1
medqa_7114,A,A,A,1,1
qa_2060,B,B,B,1,1
qa_5809,D,D,D,1,1
qa_5238,B,B,B,1,1
qa_3196,A,A,A,1,1
qa_1419,B,C,C,0,0
qa_4424,C,C,C,1,1
MedXpertQA_533,J,I,I,0,0
qa_9568,A,A,A,1,1
qa_3849,B,B,B,1,1
qa_5278,C,B,B,0,0
qa_2683,B,B,B,1,1
MedXpertQA_175,J,A,A,0,0
qa_807,B,B,B,1,1
qa_2150,A,C,C,0,0
medqa_4316,D,D,D,1,1
qa_1094,B,B,B,1,1
medqa_4937,B,B,B,1,1
qa_2904,A,A,A,1,1
qa_2953,D,D,D,1,1
qa_7582,B,B,B,1,1
qa_2579,A,A,A,1,1
qa_4029,B,D,D,0,0
qa_2266,B,B,B,1,1
medqa_4757,B,B,B,1,1
medqa_4524,C,C,C,1,1
qa_8467,C,C,C,1,1
qa_4511,D,D,D,1,1
medqa_90,A,A,A,1,1
huatuo_7684,E,A,A,0,0
qa_5464,B,B,B,1,1
qa_6319,C,C,C,1,1
medqa_7385,A,A,A,1,1
qa_189,A,A,A,1,1
huatuo_5505,A,A,A,1,1
qa_425,E,E,E,1,1
qa_7930,B,B,B,1,1
qa_8006,B,B,B,1,1
medqa_842,C,D,D,0,0
qa_754,A,A,A,1,1
qa_6208,C,C,C,1,1
medqa_5486,A,A,A,1,1
medqa_253,D,D,D,1,1
qa_1610,B,B,B,1,1
qa_294,B,B,B,1,1
qa_2455,C,C,C,1,1
medqa_6636,A,A,A,1,1
qa_6500,A,A,A,1,1
qa_9529,A,A,A,1,1
medqa_7154,A,C,C,0,0
qa_8926,A,A,A,1,1
qa_6997,A,A,A,1,1
qa_4649,B,B,B,1,1
MedXpertQA_256,D,D,D,1,1
medmcqa_682,D,D,D,1,1
qa_8145,B,B,B,1,1
medqa_5613,C,A,A,0,0
qa_4039,B,B,B,1,1
qa_3688,D,D,A,1,0
medqa_4080,B,B,B,1,1
medqa_5926,B,C,C,0,0
huatuo_5719,A,A,A,1,1
qa_3542,A,A,A,1,1
qa_6327,A,A,A,1,1
qa_9107,D,D,D,1,1
qa_4916,B,B,B,1,1
qa_3086,C,B,B,0,0
qa_8151,B,B,B,1,1
MedXpertQA_987,B,F,F,0,0
qa_10094,A,A,A,1,1
medqa_4587,C,C,C,1,1
medqa_6018,C,C,C,1,1
qa_2617,A,D,D,0,0
MMLU_1015,D,D,D,1,1
medqa_4287,D,C,C,0,0
qa_9155,A,A,A,1,1
qa_3891,C,C,C,1,1
medmcqa_1510,A,B,B,0,0
qa_5704,C,C,C,1,1
qa_1368,C,C,C,1,1
medqa_4205,D,D,D,1,1
qa_8134,C,C,C,1,1
qa_6200,A,A,A,1,1
medqa_917,B,B,B,1,1
medqa_6583,C,C,C,1,1
qa_1196,B,B,B,1,1
medqa_4425,C,C,C,1,1
qa_9167,D,D,D,1,1
qa_7801,B,C,C,0,0
medqa_4705,C,C,C,1,1
qa_8740,E,A,A,0,0
qa_6650,B,A,A,0,0
MedXpertQA_100,F,F,F,1,1
huatuo_7497,A,A,A,1,1
qa_8440,B,B,B,1,1
MedXpertQA_539,I,F,I,0,1
MMLU_1032,D,A,A,0,0
medqa_936,A,A,A,1,1
qa_9207,C,C,C,1,1
medqa_5866,C,C,C,1,1
qa_6440,A,A,A,1,1
medqa_4700,D,D,D,1,1
medqa_7190,A,B,B,0,0
MedXpertQA_307,E,D,D,0,0
qa_2451,A,B,B,0,0
huatuo_1816,C,C,C,1,1
qa_7667,B,B,B,1,1
medqa_375,A,A,A,1,1
qa_3028,A,A,A,1,1
MMLU_1077,D,D,D,1,1
MedXpertQA_922,A,I,I,0,0
qa_3521,B,B,B,1,1
MMLU_835,D,D,D,1,1
medqa_5238,B,B,B,1,1
qa_2367,B,B,B,1,1
qa_8581,D,D,D,1,1
qa_8198,C,C,C,1,1
medqa_5689,D,D,D,1,1
medqa_5874,D,D,D,1,1
qa_1839,D,D,D,1,1
pubmedqa_artificial_7165,A,B,B,0,0
qa_6932,B,B,B,1,1
qa_4002,B,B,B,1,1
MMLU_912,D,D,D,1,1
qa_2027,B,C,C,0,0
medqa_6688,A,A,A,1,1
MMLU_1041,A,A,A,1,1
medqa_4138,C,C,C,1,1
qa_8269,D,D,D,1,1
qa_3197,B,B,B,1,1
qa_9928,A,A,A,1,1
qa_2092,B,A,B,0,1
medqa_5570,A,A,A,1,1
qa_3251,B,B,B,1,1
qa_8559,D,D,D,1,1
medqa_7566,D,D,D,1,1
medqa_5796,A,A,A,1,1
huatuo_9112,C,C,C,1,1
medqa_7276,C,A,A,0,0
medmcqa_782,B,D,D,0,0
medqa_7515,B,B,B,1,1
medqa_524,A,A,A,1,1
qa_3229,D,D,D,1,1
qa_6254,C,C,C,1,1
qa_5153,B,B,B,1,1
medqa_4848,A,A,A,1,1
qa_6804,C,C,C,1,1
qa_1046,C,C,C,1,1
medqa_5198,A,A,A,1,1
medqa_152,A,A,A,1,1
qa_3492,C,C,C,1,1
medqa_5964,A,A,A,1,1
medqa_5279,C,C,C,1,1
qa_1479,A,A,A,1,1
qa_3299,A,A,A,1,1
qa_2760,C,B,B,0,0
qa_8501,C,C,C,1,1
qa_8873,D,D,D,1,1
qa_2797,A,A,A,1,1
qa_1208,B,B,B,1,1
medqa_6905,B,B,B,1,1
qa_2421,A,A,A,1,1
medqa_5466,A,C,C,0,0
qa_5969,C,C,C,1,1
medqa_4773,A,B,B,0,0
medqa_5356,C,C,C,1,1
medqa_5973,C,D,D,0,0
qa_2316,C,C,C,1,1
MMLU_891,D,D,D,1,1
medqa_6557,C,B,B,0,0
qa_3209,B,B,B,1,1
medqa_492,A,A,A,1,1
qa_3665,C,C,C,1,1
qa_1227,A,A,A,1,1
qa_9280,A,A,A,1,1
medqa_4567,D,D,D,1,1
medqa_5535,B,C,C,0,0
qa_6027,A,A,A,1,1
qa_3318,B,B,B,1,1
qa_6318,B,B,B,1,1
medqa_645,C,C,C,1,1
medmcqa_3078,D,D,D,1,1
qa_3649,C,C,C,1,1
qa_8831,A,A,A,1,1
MedXpertQA_269,C,C,C,1,1
qa_3056,C,C,C,1,1
qa_4856,B,B,B,1,1
qa_7901,C,C,C,1,1
qa_2977,B,B,B,1,1
qa_8425,C,C,C,1,1
huatuo_5703,B,A,A,0,0
MedXpertQA_305,J,E,E,0,0
MedXpertQA_555,I,E,E,0,0
MMLU_945,A,A,A,1,1
MedXpertQA_85,J,A,A,0,0
medqa_6953,D,C,C,0,0
qa_3673,A,A,A,1,1
MedXpertQA_878,D,D,D,1,1
qa_6290,A,A,A,1,1
qa_2632,B,A,A,0,0
qa_1636,A,B,B,0,0
qa_1461,A,A,A,1,1
qa_453,C,C,C,1,1
medmcqa_2145,C,C,C,1,1
qa_8182,C,C,C,1,1
medqa_263,B,B,B,1,1
medqa_4406,A,A,A,1,1
qa_6666,D,D,D,1,1
qa_3436,B,B,B,1,1
medqa_7053,D,C,C,0,0
qa_5412,D,D,D,1,1
qa_8938,C,C,C,1,1
qa_7776,C,C,C,1,1
qa_8679,A,A,A,1,1
qa_2727,B,B,B,1,1
qa_4848,A,A,A,1,1
medqa_5277,A,A,A,1,1
MedXpertQA_829,C,J,J,0,0
medqa_7516,B,B,B,1,1
medqa_5125,B,B,B,1,1
medqa_5859,B,B,B,1,1
qa_2536,D,D,D,1,1
medqa_4100,B,B,B,1,1
qa_6140,A,A,A,1,1
medqa_469,D,D,D,1,1
qa_6508,C,C,C,1,1
qa_3504,C,C,C,1,1
qa_7696,A,A,A,1,1
huatuo_1254,B,B,B,1,1
medqa_4060,C,C,C,1,1
qa_8717,D,D,D,1,1
medqa_65,A,A,A,1,1
medqa_447,A,A,A,1,1
qa_6371,A,A,A,1,1
qa_2134,D,D,C,1,0
MedXpertQA_643,G,D,D,0,0
MedXpertQA_937,J,E,E,0,0
medqa_730,A,A,A,1,1
pubmedqa_artificial_8255,A,A,A,1,1
qa_2227,C,A,A,0,0
medqa_6727,D,B,C,0,0
qa_6473,B,B,B,1,1
qa_3980,D,D,D,1,1
MedXpertQA_161,J,B,B,0,0
qa_8728,D,D,C,1,0
medqa_405,C,A,A,0,0
medqa_5601,A,A,A,1,1
pubmedqa_artificial_1724,A,A,A,1,1
qa_8675,B,D,D,0,0
qa_3437,D,D,D,1,1
qa_2228,B,A,A,0,0
medqa_207,C,B,B,0,0
qa_4998,A,A,A,1,1
qa_8719,B,B,B,1,1
qa_6627,B,B,B,1,1
qa_9567,A,C,C,0,0
qa_7604,B,B,B,1,1
qa_6519,A,B,B,0,0
qa_3789,B,B,B,1,1
MedXpertQA_888,D,A,A,0,0
qa_1131,B,B,B,1,1
medqa_4332,A,A,A,1,1
qa_9350,B,B,B,1,1
MedXpertQA_577,F,G,G,0,0
qa_7820,C,C,C,1,1
qa_8277,D,C,C,0,0
medqa_4261,C,C,C,1,1
medqa_5446,A,B,B,0,0
qa_1554,A,C,C,0,0
qa_3092,D,A,A,0,0
medqa_7458,C,C,C,1,1
medmcqa_2575,C,C,A,1,0
medqa_955,A,A,A,1,1
pubmedqa_artificial_2073,A,B,B,0,0
medqa_193,A,A,A,1,1
qa_1899,B,B,B,1,1
qa_9243,D,D,D,1,1
medqa_6644,B,B,B,1,1
qa_8554,C,C,C,1,1
medqa_4198,D,D,D,1,1
qa_6294,A,D,D,0,0
medqa_7378,A,C,C,0,0
qa_5918,A,C,A,0,1
MedXpertQA_99,F,F,F,1,1
medqa_5220,A,A,A,1,1
pubmedqa_381,A,A,A,1,1
qa_8767,D,D,D,1,1
qa_1504,A,A,A,1,1
medqa_5461,C,C,C,1,1
medqa_5146,D,A,A,0,0
medqa_7308,A,A,A,1,1
qa_7599,D,D,D,1,1
qa_8481,A,A,A,1,1
qa_2425,B,B,B,1,1
qa_5672,C,A,A,0,0
qa_7644,B,B,B,1,1
medmcqa_2597,C,A,A,0,0
medqa_7392,A,A,A,1,1
medqa_514,C,C,C,1,1
qa_3675,E,A,A,0,0
medqa_4978,B,B,B,1,1
qa_1125,C,C,C,1,1
qa_3941,C,C,C,1,1
medqa_587,B,D,D,0,0
qa_941,E,E,E,1,1
qa_5334,B,B,B,1,1
qa_2494,C,B,B,0,0
qa_3431,A,A,A,1,1
qa_9095,B,B,B,1,1
MedXpertQA_563,B,F,F,0,0
qa_9161,C,C,C,1,1
qa_1344,B,B,B,1,1
qa_2553,A,A,A,1,1
medqa_6999,D,D,D,1,1
medqa_7249,A,A,A,1,1
qa_3586,B,C,C,0,0
medmcqa_1971,A,A,A,1,1
huatuo_9008,E,B,B,0,0
medqa_5040,A,A,A,1,1
huatuo_5866,A,A,A,1,1
MedXpertQA_106,D,D,D,1,1
qa_8424,A,A,A,1,1
qa_8819,A,A,A,1,1
medqa_7541,B,C,C,0,0
qa_6348,C,C,C,1,1
pubmedqa_artificial_4922,B,B,B,1,1
MedXpertQA_951,C,E,E,0,0
qa_2307,B,B,B,1,1
MMLU_877,B,B,B,1,1
qa_2891,A,A,A,1,1
qa_6299,A,A,A,1,1
qa_1738,D,D,D,1,1
qa_2390,B,A,A,0,0
medqa_163,C,B,B,0,0
medmcqa_191,B,B,B,1,1
qa_9329,C,C,C,1,1
qa_1900,C,C,C,1,1
qa_5399,C,C,C,1,1
qa_9029,B,D,D,0,0
huatuo_7996,E,E,E,1,1
qa_8888,B,B,B,1,1
qa_8162,B,B,B,1,1
qa_8441,C,C,C,1,1
MMLU_1026,D,D,D,1,1
qa_6156,A,B,A,0,1
medqa_4134,C,C,A,1,0
qa_1095,A,D,D,0,0
MedXpertQA_290,B,D,D,0,0
qa_6592,D,C,C,0,0
qa_3717,C,C,C,1,1
pubmedqa_artificial_9368,A,A,A,1,1
medqa_7258,D,D,D,1,1
qa_7038,B,B,B,1,1
qa_5685,A,B,B,0,0
qa_313,C,B,B,0,0
medqa_7445,D,D,D,1,1
qa_6517,D,D,D,1,1
qa_8426,B,D,B,0,1
MMLU_827,D,D,D,1,1
qa_6279,B,B,B,1,1
medqa_891,D,D,D,1,1
medqa_4372,C,C,C,1,1
MedXpertQA_549,A,G,G,0,0
MedXpertQA_581,E,E,E,1,1
qa_7758,A,A,A,1,1
MedXpertQA_276,F,J,J,0,0
qa_1939,B,B,B,1,1
qa_359,A,A,A,1,1
qa_1981,D,D,D,1,1
huatuo_4112,H,B,B,0,0
qa_4190,C,A,A,0,0
qa_1756,D,D,D,1,1
qa_2818,B,B,B,1,1
qa_1558,A,A,A,1,1
MedXpertQA_243,H,H,H,1,1
qa_8935,D,D,D,1,1
qa_3032,A,A,A,1,1
medqa_5249,C,C,C,1,1
qa_3072,D,D,D,1,1
qa_4474,A,A,A,1,1
pubmedqa_artificial_2842,A,A,A,1,1
qa_3753,C,C,C,1,1
qa_2250,A,A,A,1,1
MedXpertQA_710,E,H,H,0,0
qa_3340,D,C,C,0,0
qa_9224,D,D,D,1,1
qa_427,B,B,B,1,1
qa_3388,A,B,B,0,0
medqa_4807,A,B,B,0,0
qa_7749,C,C,C,1,1
qa_8957,B,B,B,1,1
medqa_4611,B,B,B,1,1
qa_9220,C,C,C,1,1
qa_1795,B,C,C,0,0
qa_2352,D,D,D,1,1
MedXpertQA_292,C,C,C,1,1
medmcqa_2815,B,B,B,1,1
huatuo_1345,A,A,A,1,1
medmcqa_1129,A,A,A,1,1
qa_6399,A,A,A,1,1
qa_9575,B,B,B,1,1
qa_1950,B,B,B,1,1
medqa_4815,A,A,A,1,1
qa_7035,A,A,A,1,1
medqa_5974,C,C,C,1,1
qa_9127,B,B,B,1,1
MedXpertQA_876,B,H,H,0,0
qa_4311,B,B,B,1,1
MedXpertQA_383,I,B,B,0,0
medqa_747,D,D,D,1,1
qa_2411,A,A,A,1,1
medqa_25,B,B,B,1,1
medqa_5467,B,B,B,1,1
qa_8618,C,C,C,1,1
qa_3697,D,B,B,0,0
MedXpertQA_430,D,F,F,0,0
qa_2748,C,C,C,1,1
MedXpertQA_984,J,F,G,0,0
qa_3217,C,C,C,1,1
medqa_7287,A,A,A,1,1
medqa_4721,D,D,D,1,1
pubmedqa_artificial_1899,A,A,A,1,1
medqa_6887,D,D,D,1,1
qa_7933,D,D,D,1,1
qa_1605,C,C,C,1,1
medqa_5959,C,C,C,1,1
medmcqa_3271,C,C,C,1,1
MedXpertQA_67,A,A,A,1,1
medmcqa_1076,B,B,B,1,1
medqa_356,B,B,B,1,1
qa_2245,D,D,D,1,1
huatuo_7386,D,C,C,0,0
qa_9573,C,C,C,1,1
qa_1009,A,A,A,1,1
medqa_7536,C,C,C,1,1
qa_2832,D,A,A,0,0
qa_8743,D,D,D,1,1
medqa_4394,C,C,C,1,1
qa_2081,C,D,D,0,0
qa_9089,A,A,A,1,1
qa_3396,A,A,A,1,1
qa_1580,A,A,A,1,1
huatuo_1727,A,A,A,1,1
qa_8920,A,A,A,1,1
MMLU_856,C,C,C,1,1
medqa_4934,C,B,B,0,0
medqa_309,D,D,D,1,1
MedXpertQA_347,D,D,D,1,1
huatuo_7747,B,B,B,1,1
medqa_424,C,C,C,1,1
qa_2066,A,A,A,1,1
qa_9777,A,A,A,1,1
medqa_4756,D,D,D,1,1
qa_2608,C,C,C,1,1
MedXpertQA_194,F,E,E,0,0
qa_8409,D,D,D,1,1
medqa_4869,C,C,C,1,1
qa_3220,A,A,A,1,1
qa_1540,B,B,B,1,1
qa_7782,C,C,C,1,1
qa_2658,D,B,B,0,0
medqa_5006,C,C,C,1,1
medqa_4089,B,B,B,1,1
medqa_4284,C,C,C,1,1
medqa_5143,B,B,B,1,1
MedXpertQA_475,G,G,G,1,1
qa_6159,B,B,B,1,1
qa_2290,A,B,B,0,0
qa_1018,B,B,B,1,1
qa_4378,B,B,B,1,1
qa_1651,D,D,D,1,1
qa_212,A,A,A,1,1
medqa_478,D,D,D,1,1
MMLU_851,B,B,B,1,1
medqa_4563,D,D,D,1,1
qa_6124,B,B,B,1,1
medqa_300,B,A,A,0,0
qa_2179,D,D,D,1,1
medqa_7533,A,C,C,0,0
qa_2479,D,D,D,1,1
MedXpertQA_934,A,B,B,0,0
medqa_6513,C,C,C,1,1
medqa_5479,D,D,D,1,1
medqa_5088,B,B,B,1,1
MedXpertQA_542,B,F,F,0,0
qa_1825,C,C,C,1,1
MMLU_955,D,D,D,1,1
medqa_5730,D,B,B,0,0
medqa_5992,C,C,C,1,1
medqa_627,D,B,B,0,0
MedXpertQA_849,F,D,D,0,0
medqa_7352,B,B,B,1,1
qa_6313,B,B,B,1,1
huatuo_1715,E,C,C,0,0
medqa_63,D,B,B,0,0
qa_2875,B,B,B,1,1
qa_3638,C,C,D,1,0
medqa_4051,B,A,A,0,0
medqa_4833,D,D,D,1,1
qa_9000,A,A,A,1,1
qa_2503,D,A,A,0,0
qa_8902,C,C,C,1,1
MMLU_867,D,A,A,0,0
medqa_75,B,A,A,0,0
qa_6243,D,D,D,1,1
qa_4877,D,D,D,1,1
qa_6400,C,A,A,0,0
medqa_794,C,C,C,1,1
medqa_222,A,A,A,1,1
medqa_5100,D,D,D,1,1
medqa_220,A,A,A,1,1
medqa_5274,C,C,C,1,1
qa_5605,C,C,C,1,1
qa_3699,C,C,C,1,1
qa_2990,C,C,C,1,1
medqa_5133,B,B,B,1,1
qa_3234,C,C,C,1,1
medmcqa_989,C,C,C,1,1
qa_1202,B,B,B,1,1
qa_4028,C,C,C,1,1
medqa_652,B,B,B,1,1
qa_8901,D,A,A,0,0
medqa_7447,D,A,C,0,0
medqa_638,B,B,B,1,1
medqa_655,C,C,C,1,1
MedXpertQA_544,F,C,C,0,0
medqa_4695,A,A,A,1,1
MMLU_1083,C,C,C,1,1
medmcqa_1836,D,D,D,1,1
qa_7559,C,C,C,1,1
MedXpertQA_270,G,G,G,1,1
qa_1215,B,B,B,1,1
qa_8648,B,B,B,1,1
MedXpertQA_221,I,G,G,0,0
qa_3115,D,D,D,1,1
qa_2090,C,C,C,1,1
qa_3682,C,C,C,1,1
huatuo_5467,B,B,B,1,1
qa_3366,D,D,D,1,1
qa_4748,C,C,C,1,1
qa_8258,D,D,D,1,1
medqa_5600,A,A,A,1,1
qa_7442,A,B,B,0,0
medqa_5888,C,A,A,0,0
qa_3883,D,D,D,1,1
qa_8874,A,A,A,1,1
medqa_608,A,A,A,1,1
qa_2576,A,A,A,1,1
qa_7551,C,C,C,1,1
qa_2094,D,C,A,0,0
qa_6062,B,B,B,1,1
qa_4303,C,C,C,1,1
medqa_4160,B,B,B,1,1
huatuo_4458,D,D,D,1,1
qa_721,A,A,A,1,1
qa_2567,B,B,B,1,1
medqa_5675,A,A,A,1,1
qa_9019,B,B,B,1,1
qa_3874,B,B,B,1,1
qa_6238,A,A,A,1,1
qa_9321,A,A,A,1,1
qa_8374,B,B,B,1,1
huatuo_7551,A,A,A,1,1
medqa_768,B,B,B,1,1
medqa_7560,B,B,B,1,1
qa_2418,A,A,A,1,1
medqa_6647,A,A,A,1,1
medqa_7565,B,B,B,1,1
qa_3722,C,C,C,1,1
medqa_6962,C,C,C,1,1
medqa_6883,C,C,C,1,1
qa_2136,A,A,A,1,1
qa_4938,A,A,A,1,1
qa_5283,C,C,C,1,1
qa_3558,D,A,A,0,0
medqa_4133,A,A,A,1,1
huatuo_1559,D,B,B,0,0
MedXpertQA_594,E,E,E,1,1
qa_1445,B,D,D,0,0
medqa_7186,D,D,D,1,1
medqa_6980,A,A,A,1,1
qa_9314,A,B,A,0,1
qa_6438,C,C,C,1,1
qa_1064,A,A,A,1,1
qa_6356,B,B,B,1,1
qa_5252,C,C,C,1,1
huatuo_9153,C,C,C,1,1
qa_8122,C,C,C,1,1
medmcqa_2164,D,B,D,0,1
qa_3335,D,D,D,1,1
qa_2737,A,C,C,0,0
qa_10522,A,B,B,0,0
qa_9548,A,A,A,1,1
medqa_5391,B,B,B,1,1
qa_2349,D,D,D,1,1
qa_2302,D,D,D,1,1
qa_3443,D,B,B,0,0
medqa_4440,D,D,D,1,1
qa_5763,C,C,C,1,1
pubmedqa_artificial_6967,A,B,B,0,0
qa_3802,B,B,B,1,1
MedXpertQA_23,C,C,C,1,1
medqa_5681,B,B,B,1,1
qa_3406,C,C,C,1,1
qa_592,D,D,D,1,1
qa_6929,D,D,D,1,1
qa_2790,A,D,D,0,0
qa_3861,A,A,A,1,1
qa_3779,A,A,A,1,1
qa_4710,A,C,C,0,0
MedXpertQA_709,B,B,B,1,1
qa_1455,B,B,B,1,1
qa_8805,D,D,A,1,0
qa_6278,A,A,A,1,1
qa_8681,A,A,A,1,1
qa_7790,D,D,D,1,1
qa_6385,C,D,D,0,0
medqa_5822,D,D,D,1,1
MedXpertQA_960,E,E,E,1,1
qa_3833,C,C,C,1,1
medqa_5775,C,C,C,1,1
qa_2528,A,B,B,0,0
qa_8448,A,B,B,0,0
qa_2751,B,B,B,1,1
qa_2735,B,B,B,1,1
qa_8828,D,D,D,1,1
MedXpertQA_730,B,G,G,0,0
qa_3445,B,B,B,1,1
pubmedqa_artificial_7886,A,A,A,1,1
medqa_4514,C,C,C,1,1
medqa_4957,D,D,D,1,1
qa_3243,A,A,A,1,1
qa_2214,C,C,C,1,1
medqa_4437,D,D,D,1,1
qa_8004,B,C,C,0,0
qa_3329,A,A,A,1,1
qa_1850,A,A,A,1,1
huatuo_8196,D,D,D,1,1
qa_5092,D,D,D,1,1
qa_6216,A,C,A,0,1
medmcqa_1811,B,B,B,1,1
qa_2034,B,B,B,1,1
qa_2242,B,A,A,0,0
pubmedqa_artificial_3462,A,B,B,0,0
medqa_819,A,A,A,1,1
medqa_4040,A,A,A,1,1
qa_5157,C,C,C,1,1
qa_1310,A,A,A,1,1
qa_2623,C,C,C,1,1
qa_1336,A,A,A,1,1
qa_1426,B,C,C,0,0
medqa_7559,D,D,D,1,1
qa_2767,D,D,D,1,1
qa_2650,A,A,A,1,1
qa_2189,D,D,D,1,1
qa_9142,C,C,C,1,1
MMLU_897,D,D,D,1,1
pubmedqa_artificial_5252,A,A,A,1,1
qa_2118,A,A,A,1,1
medqa_4465,B,B,B,1,1
LastHumanity_27,D,B,B,0,0
LastHumanity_132,B,E,E,0,0
MedXpertQA_826,B,B,B,1,1
MMLU_953,D,D,D,1,1
qa_3805,B,B,B,1,1
huatuo_9142,B,B,B,1,1
qa_8917,A,A,A,1,1
huatuo_1689,C,A,A,0,0
qa_1287,B,B,B,1,1
qa_2881,B,B,B,1,1
MedXpertQA_978,E,E,E,1,1
medmcqa_3353,A,A,A,1,1
qa_1149,D,D,D,1,1
qa_837,D,D,D,1,1
qa_3760,A,A,A,1,1
medqa_5037,B,B,B,1,1
medqa_5542,D,A,A,0,0
qa_2705,C,C,C,1,1
qa_863,A,A,A,1,1
medqa_93,A,A,A,1,1
qa_3,A,A,A,1,1
qa_1323,D,D,D,1,1
qa_3773,C,C,C,1,1
MedXpertQA_187,G,J,J,0,0
qa_1269,C,C,C,1,1
qa_7678,B,C,C,0,0
qa_7635,A,B,B,0,0
medqa_5892,B,B,B,1,1
medqa_7282,C,D,D,0,0
qa_3737,A,A,A,1,1
medmcqa_3204,D,D,D,1,1
qa_6429,B,B,B,1,1
medqa_7254,C,C,C,1,1
qa_8912,D,D,D,1,1
medqa_7402,B,A,B,0,1
medqa_5029,B,B,B,1,1
huatuo_5313,A,A,A,1,1
medqa_5210,A,A,A,1,1
qa_8191,D,D,D,1,1
medqa_4247,B,B,B,1,1
qa_3636,C,C,A,1,0
MedXpertQA_288,A,A,A,1,1
qa_5695,B,B,B,1,1
qa_3733,C,C,C,1,1
qa_9092,C,C,C,1,1
medqa_7296,C,C,C,1,1
qa_10043,A,B,B,0,0
qa_2237,A,A,A,1,1
qa_3334,A,A,A,1,1
pubmedqa_artificial_4118,A,A,A,1,1
qa_9261,C,C,C,1,1
qa_7903,D,A,A,0,0
medqa_893,B,B,B,1,1
qa_3957,C,C,C,1,1
medqa_6977,B,B,B,1,1
medqa_4163,D,D,D,1,1
qa_2463,B,B,B,1,1
medqa_4790,D,D,D,1,1
medqa_6869,C,C,C,1,1
qa_1326,B,B,B,1,1
qa_9531,D,D,D,1,1
MedXpertQA_217,A,C,C,0,0
medqa_569,C,C,C,1,1
medqa_5219,B,B,B,1,1
qa_2152,A,A,A,1,1
medqa_7449,D,A,A,0,0
qa_8114,C,C,C,1,1
medqa_5401,B,B,A,1,0
qa_3569,A,A,A,1,1
qa_1602,C,B,B,0,0
qa_9320,A,C,C,0,0
qa_6388,B,B,B,1,1
qa_1379,A,C,C,0,0
qa_4345,A,B,B,0,0
medqa_5692,C,C,A,1,0
qa_1831,B,B,B,1,1
MMLU_852,D,D,D,1,1
medqa_583,D,D,B,1,0
medqa_301,A,D,D,0,0
medqa_4792,C,C,C,1,1
qa_3084,A,A,A,1,1
qa_1335,C,C,C,1,1
huatuo_9105,A,A,A,1,1
qa_8452,C,B,B,0,0
huatuo_5078,A,A,A,1,1
qa_7689,D,B,B,0,0
qa_1175,B,B,B,1,1
qa_1493,C,C,C,1,1
qa_4165,A,A,A,1,1
huatuo_9268,D,D,D,1,1
qa_7761,C,C,C,1,1
qa_3600,C,C,C,1,1
MedXpertQA_483,H,H,H,1,1
MedXpertQA_795,H,I,I,0,0
medmcqa_2400,B,B,B,1,1
qa_2213,D,D,D,1,1
medqa_746,B,B,B,1,1
huatuo_5558,A,B,B,0,0
qa_8172,A,D,D,0,0
medqa_5767,B,B,B,1,1
pubmedqa_artificial_4367,A,A,A,1,1
qa_8911,B,B,B,1,1
medqa_5346,A,B,B,0,0
qa_2453,D,D,D,1,1
medqa_4434,B,B,B,1,1
qa_7817,A,B,B,0,0
medqa_6947,D,D,D,1,1
qa_2722,A,A,A,1,1
huatuo_8234,A,A,A,1,1
qa_1494,B,B,B,1,1
qa_4985,C,C,C,1,1
medqa_4635,B,B,B,1,1
qa_6618,B,B,B,1,1
medqa_320,C,C,C,1,1
qa_1529,B,B,B,1,1
medqa_833,C,C,C,1,1
qa_3898,C,B,C,0,1
qa_3500,B,B,B,1,1
qa_8512,B,B,B,1,1
qa_6202,B,B,B,1,1
qa_1774,A,A,A,1,1
MedXpertQA_301,I,E,E,0,0
qa_6741,C,C,C,1,1
MedXpertQA_198,J,F,F,0,0
medqa_6527,A,A,A,1,1
qa_6198,B,B,B,1,1
MedXpertQA_318,D,C,C,0,0
qa_7786,D,D,D,1,1
qa_6462,C,C,C,1,1
qa_8982,A,B,B,0,0
medqa_5193,D,B,B,0,0
qa_2788,A,A,A,1,1
qa_812,B,A,A,0,0
qa_6080,A,A,A,1,1
medqa_6915,A,A,A,1,1
medqa_5159,D,D,D,1,1
qa_1560,D,B,B,0,0
qa_8360,B,B,B,1,1
qa_3960,B,A,B,0,1
qa_3160,C,C,C,1,1
qa_1979,D,A,D,0,1
medqa_783,C,C,C,1,1
qa_2365,C,C,C,1,1
medqa_459,A,D,D,0,0
qa_1919,C,C,C,1,1
qa_1657,B,B,B,1,1
qa_5253,A,A,A,1,1
medqa_738,A,A,A,1,1
qa_3884,D,D,D,1,1
medqa_4874,B,B,B,1,1
medqa_4989,D,A,A,0,0
qa_6401,C,C,C,1,1
qa_1254,D,D,D,1,1
qa_6530,D,D,D,1,1
medqa_4917,A,B,B,0,0
MedXpertQA_407,J,J,J,1,1
medqa_7043,D,A,C,0,0
qa_2010,A,A,A,1,1
medqa_7519,A,A,A,1,1
qa_2806,A,A,A,1,1
qa_3250,B,D,D,0,0
huatuo_7189,C,C,C,1,1
huatuo_4602,D,D,D,1,1
medmcqa_2445,A,A,A,1,1
qa_8203,D,C,C,0,0
qa_3119,B,B,B,1,1
qa_2225,B,B,B,1,1
qa_3029,B,B,B,1,1
qa_3341,D,D,D,1,1
qa_9366,B,B,B,1,1
medqa_6561,D,B,B,0,0
MedXpertQA_806,E,C,C,0,0
medqa_4262,C,C,C,1,1
qa_9283,A,A,A,1,1
medqa_126,D,D,D,1,1
qa_5338,B,B,B,1,1
medqa_5854,B,B,B,1,1
MedXpertQA_865,D,H,H,0,0
qa_9450,C,C,C,1,1
qa_7205,B,B,B,1,1
qa_4537,A,A,A,1,1
qa_8231,A,A,A,1,1
huatuo_4828,E,A,A,0,0
qa_7747,B,B,B,1,1
qa_3924,A,A,A,1,1
qa_7642,A,A,A,1,1
qa_3589,B,B,B,1,1
pubmedqa_896,B,B,B,1,1
qa_8514,B,B,B,1,1
huatuo_8337,A,A,A,1,1
qa_3415,D,D,D,1,1
qa_1450,C,A,A,0,0
qa_1996,A,A,A,1,1
pubmedqa_artificial_2754,A,A,A,1,1
medqa_5061,C,C,C,1,1
qa_8443,C,C,C,1,1
medqa_83,C,C,C,1,1
qa_3033,A,A,A,1,1
medqa_174,D,D,D,1,1
qa_1500,B,B,B,1,1
qa_3870,D,D,D,1,1
qa_1338,A,A,A,1,1
MedXpertQA_862,A,A,A,1,1
qa_7940,D,D,D,1,1
huatuo_1065,B,B,B,1,1
qa_8039,B,D,D,0,0
qa_2262,B,B,B,1,1
medqa_7283,C,C,C,1,1
qa_778,A,A,A,1,1
qa_2417,C,C,C,1,1
qa_2202,D,B,B,0,0
MMLU_985,D,D,D,1,1
huatuo_7867,A,A,A,1,1
qa_5242,C,C,C,1,1
qa_8695,C,C,C,1,1
qa_8428,D,D,D,1,1
qa_7531,D,D,D,1,1
medqa_5064,B,B,B,1,1
qa_8890,C,C,C,1,1
medqa_4071,B,A,A,0,0
qa_4141,D,D,D,1,1
medqa_661,A,A,A,1,1
medqa_4147,C,C,C,1,1
medqa_5079,D,D,D,1,1
medqa_5780,C,C,C,1,1
medqa_4940,D,D,D,1,1
qa_1218,A,A,A,1,1
medqa_4881,A,A,A,1,1
qa_6507,C,C,C,1,1
qa_2388,A,C,C,0,0
medqa_5265,B,B,B,1,1
qa_9884,B,B,B,1,1
medqa_210,D,D,D,1,1
qa_2527,A,A,A,1,1
MedXpertQA_985,E,G,G,0,0
qa_1209,D,B,D,0,1
qa_694,E,E,E,1,1
medqa_4398,C,C,C,1,1
pubmedqa_artificial_1761,A,B,B,0,0
medqa_4109,B,B,B,1,1
pubmedqa_artificial_9006,A,B,B,0,0
medqa_5351,C,C,C,1,1
qa_6083,C,C,C,1,1
qa_3342,D,D,D,1,1
medqa_986,C,C,C,1,1
qa_3001,B,B,B,1,1
medqa_5443,A,A,A,1,1
medqa_7201,D,D,D,1,1
qa_8955,B,A,A,0,0
qa_8705,C,C,C,1,1
qa_6151,B,B,B,1,1
medqa_444,A,A,A,1,1
medqa_5818,A,A,A,1,1
medqa_4399,B,B,B,1,1
MMLU_168,B,B,B,1,1
medqa_960,C,D,D,0,0
medqa_7203,C,C,C,1,1
qa_1923,B,B,B,1,1
huatuo_7141,A,A,A,1,1
medqa_350,B,B,B,1,1
medqa_154,D,D,D,1,1
MedXpertQA_626,I,D,D,0,0
qa_9308,B,B,B,1,1
qa_6251,D,D,D,1,1
medqa_5289,D,D,D,1,1
qa_1471,A,D,D,0,0
medmcqa_6576,B,B,B,1,1
qa_7669,A,A,A,1,1
qa_5523,A,A,A,1,1
medqa_7443,A,A,A,1,1
qa_3355,D,D,D,1,1
medqa_5851,A,A,A,1,1
MedXpertQA_97,B,B,B,1,1
qa_8010,D,A,A,0,0
qa_2796,A,B,B,0,0
qa_6357,D,B,B,0,0
qa_7890,B,B,B,1,1
huatuo_8785,C,C,C,1,1
medqa_5468,A,A,A,1,1
MedXpertQA_811,C,C,C,1,1
qa_8862,A,A,A,1,1
medqa_7256,C,C,C,1,1
qa_7878,C,C,C,1,1
qa_4501,D,D,D,1,1
qa_3184,A,A,A,1,1
medqa_200,C,C,C,1,1
qa_8726,D,A,A,0,0
medqa_4250,B,B,B,1,1
qa_9267,B,B,B,1,1
qa_2126,D,D,D,1,1
qa_2638,B,B,B,1,1
medqa_4863,C,C,C,1,1
MedXpertQA_442,E,D,D,0,0
qa_2640,D,D,D,1,1
qa_8330,A,A,A,1,1
qa_9148,A,A,A,1,1
medqa_5994,A,A,A,1,1
medqa_7487,C,C,C,1,1
qa_757,J,D,D,0,0
medqa_5831,B,B,B,1,1
qa_9138,B,B,B,1,1
qa_2927,C,C,C,1,1
qa_1482,D,D,D,1,1
qa_5604,D,D,D,1,1
qa_5952,C,C,C,1,1
huatuo_5441,D,D,D,1,1
qa_1048,A,A,A,1,1
qa_3200,E,E,E,1,1
medqa_439,C,C,C,1,1
qa_3965,A,A,A,1,1
qa_8759,A,A,A,1,1
medqa_941,A,A,A,1,1
qa_3868,A,A,A,1,1
medqa_931,D,D,D,1,1
pubmedqa_artificial_3252,A,A,A,1,1
qa_6983,A,D,D,0,0
medqa_825,B,B,B,1,1
medqa_6631,A,A,A,1,1
huatuo_5207,D,D,D,1,1
MedXpertQA_389,D,D,D,1,1
qa_1641,B,B,B,1,1
qa_1210,B,B,B,1,1
qa_1409,B,B,B,1,1
qa_7958,A,A,A,1,1
qa_1147,A,A,A,1,1
qa_3964,A,A,A,1,1
qa_2241,C,A,A,0,0
qa_2028,D,D,D,1,1
medqa_547,C,C,C,1,1
qa_9126,A,A,A,1,1
qa_1891,A,A,A,1,1
medqa_119,D,D,D,1,1
qa_3159,B,B,B,1,1
huatuo_7619,C,A,A,0,0
medqa_6587,C,C,C,1,1
qa_3596,A,A,A,1,1
huatuo_4166,C,C,C,1,1
qa_6397,C,C,C,1,1
medqa_4575,A,A,A,1,1
qa_1290,B,B,B,1,1
qa_6263,C,C,C,1,1
qa_3438,A,A,A,1,1
MedXpertQA_535,B,B,B,1,1
medqa_954,A,C,C,0,0
qa_7653,D,A,A,0,0
MedXpertQA_872,H,J,J,0,0
qa_6488,B,B,B,1,1
huatuo_7380,B,B,B,1,1
qa_1624,E,A,A,0,0
medqa_946,A,A,A,1,1
qa_8377,D,B,B,0,0
qa_2827,A,A,A,1,1
pubmedqa_artificial_4120,A,A,A,1,1
qa_2040,A,A,A,1,1
qa_5302,A,B,B,0,0
medqa_4572,D,D,D,1,1
qa_2182,B,E,B,0,1
medqa_4738,C,C,C,1,1
qa_8654,B,A,A,0,0
medqa_6520,C,C,C,1,1
qa_9311,D,D,D,1,1
qa_7795,A,A,A,1,1
MedXpertQA_306,E,A,A,0,0
qa_3841,C,B,B,0,0
medqa_4768,C,C,C,1,1
qa_2095,D,B,B,0,0
qa_1696,C,C,C,1,1
qa_2192,B,B,A,1,0
qa_6418,B,B,B,1,1
qa_8043,A,A,A,1,1
qa_3956,B,B,B,1,1
qa_2303,E,E,E,1,1
qa_2615,C,A,C,0,1
qa_7307,A,A,A,1,1
qa_6382,A,A,A,1,1
qa_3640,A,A,A,1,1
qa_3844,E,A,A,0,0
qa_2216,C,D,D,0,0
qa_8556,C,A,A,0,0
huatuo_1833,D,D,D,1,1
qa_13428,B,A,A,0,0
medqa_5941,B,B,B,1,1
medqa_527,B,B,B,1,1
qa_6051,B,B,B,1,1
medqa_633,C,C,C,1,1
qa_1428,A,A,A,1,1
qa_1878,C,D,D,0,0
medqa_4956,D,D,D,1,1
medqa_4157,C,A,A,0,0
qa_1847,A,A,A,1,1
qa_1363,A,A,A,1,1
medqa_4697,C,D,D,0,0
MMLU_1031,A,A,A,1,1
medqa_329,B,B,B,1,1
qa_9188,C,C,C,1,1
qa_3362,A,A,A,1,1
qa_3536,A,A,A,1,1
qa_8333,C,C,C,1,1
medqa_484,B,B,B,1,1
medqa_854,C,C,C,1,1
LastHumanity_48,B,C,C,0,0
LastHumanity_129,A,A,A,1,1
qa_3949,B,C,C,0,0
qa_5189,A,A,A,1,1
medqa_4127,C,C,C,1,1
medqa_7404,D,D,D,1,1
qa_7729,C,C,C,1,1
medqa_5783,C,C,C,1,1
qa_7706,A,A,A,1,1
qa_6281,A,A,A,1,1
medqa_649,B,B,B,1,1
qa_9080,D,D,D,1,1
MedXpertQA_427,B,A,A,0,0
qa_8500,D,D,D,1,1
qa_2862,D,A,A,0,0
qa_3419,B,B,B,1,1
qa_7196,B,B,B,1,1
qa_2276,D,C,C,0,0
qa_3010,A,A,A,1,1
qa_3116,D,D,D,1,1
qa_2657,C,C,C,1,1
qa_8306,C,C,C,1,1
qa_1002,D,D,D,1,1
qa_8399,B,B,B,1,1
huatuo_8154,C,A,A,0,0
qa_7792,D,D,D,1,1
qa_6589,B,B,B,1,1
MedXpertQA_649,I,C,C,0,0
qa_7711,D,D,D,1,1
medqa_394,A,A,A,1,1
qa_3155,A,A,A,1,1
qa_9553,B,B,B,1,1
qa_2391,B,B,B,1,1
MMLU_1039,D,D,D,1,1
medqa_5586,C,A,C,0,1
qa_8704,C,C,C,1,1
MedXpertQA_601,H,D,D,0,0
qa_3797,C,C,C,1,1
qa_6250,A,A,A,1,1
medqa_5837,B,B,B,1,1
qa_2423,D,D,D,1,1
MedXpertQA_334,H,A,A,0,0
MedXpertQA_911,E,G,G,0,0
qa_7440,C,B,B,0,0
qa_561,A,A,A,1,1
qa_1477,B,D,D,0,0
qa_6340,A,C,A,0,1
medqa_7473,B,B,B,1,1
qa_9763,A,B,B,0,0
qa_4409,A,A,A,1,1
MMLU_357,A,A,A,1,1
qa_2581,C,C,C,1,1
qa_1424,B,B,B,1,1
medqa_7174,C,C,C,1,1
medqa_4532,D,D,B,1,0
MedXpertQA_496,I,I,I,1,1
MMLU_1013,A,A,A,1,1
qa_6070,D,D,D,1,1
qa_8961,A,A,A,1,1
qa_5080,D,D,D,1,1
qa_4936,B,B,B,1,1
MedXpertQA_53,E,B,B,0,0
qa_1163,A,A,A,1,1
qa_7423,E,B,B,0,0
huatuo_1652,A,B,B,0,0
medqa_7292,D,C,C,0,0
medqa_6605,B,B,B,1,1
medqa_357,D,D,D,1,1
qa_5705,D,D,D,1,1
medqa_6976,A,A,A,1,1
qa_3767,B,B,B,1,1
qa_8928,C,C,C,1,1
medqa_5912,C,C,C,1,1
qa_2882,A,A,A,1,1
qa_6332,A,A,A,1,1
qa_2377,D,D,D,1,1
qa_6044,B,B,B,1,1
medqa_276,C,C,C,1,1
qa_1592,A,A,A,1,1
qa_8801,D,A,A,0,0
medmcqa_2913,A,A,A,1,1
medqa_980,C,C,C,1,1
qa_1257,B,B,B,1,1
qa_9593,C,C,C,1,1
qa_5790,A,A,A,1,1
MedXpertQA_527,A,A,A,1,1
qa_9439,D,D,D,1,1
qa_9491,B,B,B,1,1
qa_8589,D,D,D,1,1
qa_2454,D,D,D,1,1
medqa_5590,C,C,C,1,1
qa_6914,D,D,D,1,1
medqa_5392,D,A,A,0,0
qa_7912,D,D,D,1,1
MedXpertQA_227,G,H,H,0,0
medqa_4973,A,A,A,1,1
qa_905,E,B,B,0,0
qa_4994,C,C,C,1,1
qa_8837,D,D,D,1,1
qa_2758,A,A,A,1,1
qa_6073,B,B,B,1,1
qa_5387,B,B,B,1,1
MedXpertQA_614,E,D,D,0,0
medqa_874,B,B,B,1,1
qa_3912,C,C,C,1,1
qa_6548,B,B,B,1,1
qa_1294,A,A,A,1,1
medqa_4945,B,C,C,0,0
qa_2458,A,A,A,1,1
qa_2064,B,D,D,0,0
medqa_7252,A,A,A,1,1
qa_9100,D,D,D,1,1
qa_1734,C,A,A,0,0
qa_7799,B,B,B,1,1
qa_7796,A,A,A,1,1
MedXpertQA_521,J,A,A,0,0
medqa_6734,A,A,A,1,1
qa_6259,C,A,A,0,0
qa_9187,D,D,D,1,1
qa_5968,D,D,D,1,1
medmcqa_2068,B,B,B,1,1
qa_9271,D,D,D,1,1
medqa_345,A,A,A,1,1
qa_9503,C,C,C,1,1
medqa_7134,B,B,B,1,1
qa_5521,B,B,B,1,1
qa_349,B,B,B,1,1
MedXpertQA_138,G,H,H,0,0
qa_1295,A,C,A,0,1
medqa_4677,C,C,C,1,1
qa_2162,C,A,A,0,0
qa_8635,A,A,A,1,1
qa_8143,B,B,B,1,1
MedXpertQA_891,C,C,C,1,1
qa_7951,D,D,D,1,1
qa_4794,D,D,D,1,1
medqa_4733,D,A,A,0,0
MedXpertQA_62,A,B,B,0,0
pubmedqa_artificial_4781,B,B,B,1,1
qa_2194,C,A,A,0,0
qa_5488,D,C,C,0,0
qa_5052,C,C,C,1,1
qa_6771,B,C,C,0,0
MedXpertQA_727,G,D,D,0,0
medqa_4861,A,D,D,0,0
MedXpertQA_576,C,C,C,1,1
medqa_5905,A,A,A,1,1
medqa_4115,D,D,D,1,1
qa_2941,B,B,B,1,1
qa_1007,A,A,A,1,1
qa_9423,C,C,C,1,1
qa_2268,D,D,D,1,1
qa_1536,A,A,A,1,1
qa_9020,A,A,A,1,1
medqa_195,B,B,B,1,1
medmcqa_2724,D,D,D,1,1
medqa_101,C,C,C,1,1
medqa_6910,D,C,C,0,0
qa_2793,C,D,D,0,0
medqa_4752,B,B,B,1,1
qa_1394,D,B,B,0,0
qa_1811,C,C,C,1,1
qa_2824,B,B,B,1,1
medqa_160,A,A,A,1,1
medqa_199,D,D,D,1,1
medqa_834,C,C,C,1,1
medmcqa_2933,C,C,C,1,1
qa_5208,B,B,B,1,1
qa_9433,A,A,A,1,1
huatuo_4835,C,C,C,1,1
qa_7833,B,B,B,1,1
qa_9467,A,A,A,1,1
MedXpertQA_769,F,C,C,0,0
qa_3343,D,D,D,1,1
qa_4015,D,D,D,1,1
qa_3834,D,D,D,1,1
qa_1994,B,A,A,0,0
qa_6434,A,B,B,0,0
MedXpertQA_756,G,E,E,0,0
qa_2898,B,B,B,1,1
qa_3606,B,B,B,1,1
qa_6272,B,B,B,1,1
medqa_5493,A,B,B,0,0
medqa_4416,D,D,D,1,1
qa_7047,B,B,B,1,1
qa_1532,C,C,C,1,1
medqa_5307,A,A,A,1,1
qa_9367,C,C,C,1,1
pubmedqa_artificial_5056,A,A,A,1,1
qa_7269,B,B,B,1,1
qa_9123,C,C,C,1,1
qa_2856,A,E,E,0,0
qa_2101,C,C,C,1,1
qa_2554,C,A,C,0,1
qa_1749,C,C,C,1,1
qa_1881,C,C,C,1,1
qa_3497,D,B,B,0,0
qa_7968,A,A,A,1,1
pubmedqa_artificial_1441,A,A,A,1,1
huatuo_8092,D,D,D,1,1
qa_6116,B,B,B,1,1
qa_7079,D,D,D,1,1
qa_1612,A,A,A,1,1
medqa_6608,A,D,D,0,0
medqa_4610,A,B,B,0,0
qa_4657,A,A,A,1,1
qa_6573,A,A,A,1,1
qa_2954,B,B,B,1,1
qa_4703,C,C,D,1,0
qa_8305,B,B,B,1,1
qa_4519,D,D,D,1,1
qa_1598,A,C,C,0,0
qa_6079,D,D,D,1,1
medqa_4735,D,D,D,1,1
qa_3459,A,A,A,1,1
MedXpertQA_518,C,H,H,0,0
qa_7971,B,B,B,1,1
qa_1096,B,B,B,1,1
qa_2574,A,A,A,1,1
qa_2804,D,D,D,1,1
qa_9486,A,A,A,1,1
qa_7991,C,C,C,1,1
qa_8664,A,A,A,1,1
qa_6394,C,C,C,1,1
qa_1134,D,A,A,0,0
huatuo_7878,B,E,B,0,1
qa_1858,D,D,D,1,1
medmcqa_263,B,B,B,1,1
medqa_401,C,C,C,1,1
huatuo_1889,C,C,C,1,1
huatuo_7374,B,B,B,1,1
MedXpertQA_208,C,B,B,0,0
MedXpertQA_315,F,J,J,0,0
qa_4298,D,D,D,1,1
qa_3794,A,A,A,1,1
qa_1524,D,D,D,1,1
qa_6106,E,E,E,1,1
medqa_4808,C,C,C,1,1
medqa_5402,D,D,D,1,1
medqa_5389,B,B,B,1,1
qa_1555,D,D,D,1,1
medqa_901,A,A,A,1,1
MedXpertQA_405,B,C,C,0,0
medqa_323,C,C,C,1,1
qa_2278,A,A,A,1,1
qa_2885,C,C,C,1,1
qa_1229,A,A,A,1,1
qa_5714,A,A,A,1,1
qa_362,D,D,D,1,1
qa_1206,C,C,C,1,1
qa_3917,D,D,D,1,1
qa_2226,C,C,C,1,1
medqa_389,C,C,C,1,1
medqa_508,D,C,C,0,0
medqa_5246,C,C,C,1,1
huatuo_1312,D,D,D,1,1
MedXpertQA_640,G,H,H,0,0
qa_2061,C,C,C,1,1
qa_6859,C,C,C,1,1
MedXpertQA_311,E,I,G,0,0
medqa_7518,D,D,D,1,1
qa_3137,C,C,C,1,1
qa_6912,E,E,E,1,1
qa_6596,B,B,B,1,1
qa_9563,C,C,C,1,1
medqa_5483,C,C,C,1,1
medmcqa_2193,B,B,B,1,1
medqa_4804,B,B,B,1,1
medqa_722,A,A,A,1,1
huatuo_8651,A,A,A,1,1
medqa_7246,B,B,B,1,1
qa_1955,D,D,D,1,1
MedXpertQA_114,J,J,J,1,1
qa_2866,A,C,A,0,1
MMLU_967,D,D,D,1,1
medqa_4852,B,B,B,1,1
qa_3365,D,D,D,1,1
qa_946,D,D,D,1,1
qa_6510,A,A,A,1,1
qa_6155,B,D,D,0,0
qa_2084,D,D,D,1,1
medqa_7408,D,D,D,1,1
medqa_7211,A,A,A,1,1
medqa_5786,D,D,D,1,1
qa_3289,C,C,C,1,1
qa_9542,D,B,B,0,0
medqa_7357,B,B,B,1,1
qa_5371,C,A,A,0,0
qa_2480,B,B,B,1,1
qa_1172,D,C,C,0,0
qa_7998,B,B,B,1,1
medqa_743,D,D,D,1,1
medqa_115,A,A,A,1,1
MedXpertQA_668,A,E,E,0,0
MedXpertQA_763,E,C,C,0,0
qa_4226,C,A,A,0,0
medqa_850,B,B,B,1,1
medmcqa_6726,A,A,A,1,1
pubmedqa_artificial_9286,A,A,A,1,1
medmcqa_6790,B,B,B,1,1
qa_1040,C,B,B,0,0
medqa_479,D,D,D,1,1
qa_3005,D,D,D,1,1
qa_6384,B,B,B,1,1
qa_8712,D,D,D,1,1
medqa_425,C,C,C,1,1
qa_1012,B,D,D,0,0
medqa_520,D,D,D,1,1
qa_4086,A,A,A,1,1
medqa_4812,D,D,D,1,1
qa_7723,D,C,C,0,0
qa_2174,A,A,A,1,1
qa_3676,A,A,A,1,1
qa_1340,D,D,D,1,1
qa_8040,B,C,B,0,1
qa_9539,C,C,C,1,1
medqa_4299,C,C,C,1,1
qa_7800,B,B,B,1,1
qa_8002,B,B,B,1,1
qa_1912,B,B,B,1,1
qa_9275,A,A,A,1,1
medqa_314,B,B,B,1,1
qa_2230,A,A,A,1,1
qa_3203,C,C,C,1,1
MedXpertQA_460,A,A,A,1,1
huatuo_7185,E,A,A,0,0
pubmedqa_artificial_1489,B,A,A,0,0
MedXpertQA_327,D,F,F,0,0
qa_2112,B,B,B,1,1
medqa_4690,B,B,B,1,1
medqa_4348,C,C,C,1,1
qa_2238,B,B,B,1,1
MedXpertQA_60,J,E,E,0,0
qa_7637,D,D,D,1,1
medqa_164,A,A,A,1,1
medqa_5119,C,C,C,1,1
qa_5470,D,A,A,0,0
qa_8979,B,B,B,1,1
medqa_313,B,B,B,1,1
qa_9613,B,B,B,1,1
MedXpertQA_332,I,I,I,1,1
qa_5270,A,A,A,1,1
medqa_354,D,D,D,1,1
qa_8222,B,B,B,1,1
medqa_7466,C,C,C,1,1
MedXpertQA_484,A,C,C,0,0
qa_7039,D,A,A,0,0
huatuo_7834,A,A,A,1,1
qa_2091,A,A,A,1,1
medqa_7227,B,C,C,0,0
qa_6350,C,C,C,1,1
qa_187,D,A,A,0,0
qa_4440,A,A,A,1,1
qa_8933,C,C,C,1,1
qa_9507,B,B,B,1,1
medqa_4814,B,C,C,0,0
medqa_7313,D,A,A,0,0
medqa_485,B,B,B,1,1
MedXpertQA_414,C,H,H,0,0
medqa_4103,C,C,C,1,1
qa_1203,A,A,A,1,1
qa_8881,C,C,C,1,1
medqa_395,B,B,B,1,1
qa_3179,C,C,C,1,1
qa_6043,C,C,C,1,1
huatuo_1191,A,A,A,1,1
qa_3992,D,D,D,1,1
medqa_7421,C,C,C,1,1
pubmedqa_artificial_1055,A,A,A,1,1
qa_1804,B,B,B,1,1
medqa_988,C,C,C,1,1
huatuo_8070,D,D,D,1,1
medqa_4322,D,D,D,1,1
medqa_788,D,C,C,0,0
qa_8694,D,D,D,1,1
qa_5688,C,B,B,0,0
medqa_793,C,C,C,1,1
qa_2106,D,D,D,1,1
MedXpertQA_583,H,G,G,0,0
qa_2208,A,A,A,1,1
qa_3832,B,B,B,1,1
qa_3590,B,B,B,1,1
qa_4252,B,B,B,1,1
MedXpertQA_793,E,D,D,0,0
pubmedqa_unlabeled_1696,A,A,A,1,1
qa_5726,B,B,B,1,1
medqa_5369,D,D,D,1,1
qa_3286,C,C,C,1,1
qa_3900,C,C,C,1,1
medqa_4693,A,A,A,1,1
MedXpertQA_823,F,F,F,1,1
medqa_5514,C,C,C,1,1
qa_2867,B,B,B,1,1
medqa_687,C,C,C,1,1
qa_3288,B,B,B,1,1
medqa_280,B,B,B,1,1
medqa_900,A,A,A,1,1
medqa_5288,A,A,A,1,1
MedXpertQA_14,D,D,D,1,1
qa_4554,C,C,C,1,1
qa_3316,A,A,A,1,1
MedXpertQA_685,H,H,H,1,1
qa_3253,A,A,A,1,1
medqa_592,D,D,D,1,1
qa_8787,B,D,D,0,0
qa_219,B,B,B,1,1
medqa_4974,C,C,C,1,1
huatuo_1770,A,A,A,1,1
qa_4476,A,A,A,1,1
qa_1581,A,A,A,1,1
medqa_233,D,D,D,1,1
qa_8936,A,A,A,1,1
huatuo_8837,A,A,A,1,1
medqa_725,C,C,C,1,1
MedXpertQA_717,G,A,A,0,0
qa_2901,B,B,B,1,1
qa_8067,A,B,B,0,0
qa_6709,B,B,B,1,1
medmcqa_6730,A,A,A,1,1
qa_3265,A,C,C,0,0
qa_3383,B,B,B,1,1
medqa_274,C,C,C,1,1
medqa_6554,B,B,B,1,1
qa_11449,A,B,A,0,1
medqa_6718,B,B,B,1,1
medqa_328,B,B,B,1,1
qa_7683,D,C,C,0,0
MedXpertQA_773,D,D,D,1,1
qa_8615,A,A,A,1,1
qa_3413,A,B,B,0,0
medqa_4104,C,C,C,1,1
qa_1316,D,D,D,1,1
qa_3292,C,A,A,0,0
qa_7733,B,B,B,1,1
MedXpertQA_753,A,E,E,0,0
qa_8177,B,B,B,1,1
qa_6069,A,A,A,1,1
qa_3565,B,B,B,1,1
qa_2368,A,A,A,1,1
qa_6344,A,A,A,1,1
qa_5909,A,A,A,1,1
medqa_4798,C,C,C,1,1
qa_3680,C,D,D,0,0
MedXpertQA_884,I,I,I,1,1
qa_9508,B,C,C,0,0
qa_2652,B,B,B,1,1
qa_2899,A,A,A,1,1
qa_1177,C,B,B,0,0
qa_4702,A,A,A,1,1
medqa_131,B,B,B,1,1
MMLU_1074,D,D,D,1,1
medqa_4217,C,C,C,1,1
qa_8796,A,A,A,1,1
qa_4078,C,C,C,1,1
qa_7908,C,C,C,1,1
qa_4151,C,B,B,0,0
medqa_758,A,A,A,1,1
qa_6620,A,A,A,1,1
qa_2145,C,C,C,1,1
medqa_52,C,C,C,1,1
qa_3914,C,B,B,0,0
pubmedqa_99,A,A,A,1,1
qa_8643,B,B,B,1,1
medqa_5251,B,B,B,1,1
qa_6744,B,B,B,1,1
huatuo_5475,A,A,A,1,1
qa_1894,D,D,D,1,1
medmcqa_2000,B,B,B,1,1
qa_7941,C,D,C,0,1
qa_1407,B,B,B,1,1
medmcqa_415,A,A,A,1,1
qa_6948,C,A,A,0,0
qa_6291,E,B,B,0,0
medqa_7459,D,D,D,1,1
MedXpertQA_444,A,A,A,1,1
medqa_5773,A,A,A,1,1
qa_3915,C,C,C,1,1
qa_523,D,D,D,1,1
medmcqa_2392,D,D,D,1,1
medqa_4830,A,A,A,1,1
qa_1314,A,A,A,1,1
pubmedqa_unlabeled_3900,B,B,B,1,1
MedXpertQA_568,E,D,D,0,0
medqa_7259,D,D,D,1,1
qa_1663,D,D,D,1,1
qa_3061,D,D,D,1,1
pubmedqa_artificial_6621,A,A,A,1,1
medqa_848,D,A,A,0,0
qa_8476,B,A,A,0,0
qa_4264,D,D,D,1,1
qa_2131,A,A,A,1,1
medqa_6937,C,C,C,1,1
MMLU_929,D,D,D,1,1
qa_6942,D,D,D,1,1
qa_8077,A,A,A,1,1
qa_6072,B,B,B,1,1
qa_8975,D,D,D,1,1
qa_4257,A,A,A,1,1
qa_1712,C,C,C,1,1
qa_3721,A,A,A,1,1
qa_9428,D,B,B,0,0
qa_8404,D,D,D,1,1
qa_8531,D,D,D,1,1
medqa_5841,D,D,D,1,1
qa_6452,D,D,D,1,1
huatuo_5301,C,C,C,1,1
qa_7937,B,B,B,1,1
qa_6368,B,B,B,1,1
MedXpertQA_503,G,F,F,0,0
qa_8249,A,A,A,1,1
qa_4842,B,A,A,0,0
huatuo_4656,A,A,A,1,1
MedXpertQA_635,I,E,E,0,0
qa_3693,D,D,D,1,1
qa_1438,C,C,C,1,1
qa_3019,D,D,D,1,1
MMLU_840,B,B,B,1,1
medmcqa_1596,B,D,D,0,0
qa_3584,A,A,A,1,1
MMLU_1085,B,C,C,0,0
qa_3374,B,B,B,1,1
qa_2146,C,C,C,1,1
qa_9752,A,A,A,1,1
qa_3626,A,D,A,0,1
huatuo_8920,B,C,C,0,0
qa_2085,A,A,A,1,1
medqa_6941,B,B,B,1,1
qa_255,C,C,C,1,1
huatuo_4483,D,D,D,1,1
MedXpertQA_924,F,B,B,0,0
qa_7613,B,B,B,1,1
pubmedqa_artificial_5493,A,A,A,1,1
qa_827,A,A,A,1,1
qa_1420,C,C,C,1,1
qa_9380,A,A,A,1,1
medqa_6872,A,A,A,1,1
medqa_978,C,C,C,1,1
qa_6176,A,A,A,1,1
medqa_4515,A,A,A,1,1
qa_3135,C,A,A,0,0
qa_3678,D,D,D,1,1
MedXpertQA_162,B,B,B,1,1
qa_1015,B,B,B,1,1
pubmedqa_artificial_1879,A,A,A,1,1
medqa_341,B,B,B,1,1
qa_3488,B,B,B,1,1
qa_1952,D,D,D,1,1
qa_1105,C,C,C,1,1
qa_1037,D,D,D,1,1
qa_7693,C,B,B,0,0
MedXpertQA_248,B,A,G,0,0
qa_9200,B,B,B,1,1
qa_3615,A,A,A,1,1
huatuo_4684,E,A,A,0,0
medqa_4128,A,A,A,1,1
qa_6457,A,A,A,1,1
medqa_7340,C,C,C,1,1
medqa_7434,A,A,A,1,1
medqa_4112,A,A,A,1,1
qa_8256,B,B,B,1,1
qa_2306,B,B,B,1,1
medqa_7109,B,B,B,1,1
medmcqa_1314,D,D,D,1,1
qa_740,B,C,C,0,0
qa_1619,C,A,A,0,0
medqa_4976,D,D,D,1,1
qa_1174,A,A,A,1,1
medqa_5921,B,B,B,1,1
qa_7694,A,A,A,1,1
qa_6864,B,B,B,1,1
medqa_677,D,D,D,1,1
qa_3381,B,B,B,1,1
medqa_884,D,D,D,1,1
qa_2981,A,A,A,1,1
qa_5457,D,D,D,1,1
MedXpertQA_32,F,C,C,0,0
qa_2780,D,D,D,1,1
qa_2350,B,B,B,1,1
medqa_586,B,B,B,1,1
medqa_5882,D,D,D,1,1
MMLU_999,D,D,D,1,1
qa_1085,A,A,A,1,1
qa_3604,D,D,D,1,1
qa_5180,B,C,C,0,0
qa_3982,D,A,A,0,0
qa_9312,D,D,D,1,1
medmcqa_1674,A,A,A,1,1
medmcqa_3459,A,C,A,0,1
qa_3643,C,B,B,0,0
qa_3034,A,A,A,1,1
qa_6909,A,A,A,1,1
medqa_7375,D,D,B,1,0
qa_3193,A,B,B,0,0
qa_6245,A,A,A,1,1
qa_3051,A,A,A,1,1
MMLU_987,B,B,B,1,1
medqa_6011,A,B,B,0,0
medqa_5,C,C,C,1,1
qa_1291,D,D,D,1,1
qa_2837,C,C,C,1,1
qa_8496,A,A,A,1,1
medqa_4947,C,B,B,0,0
medqa_905,C,C,C,1,1
qa_3210,D,D,A,1,0
qa_9124,C,C,C,1,1
qa_3972,D,D,D,1,1
qa_4419,A,A,A,1,1
qa_8782,B,B,B,1,1
medqa_112,A,A,A,1,1
qa_2074,C,B,B,0,0
qa_1910,B,B,B,1,1
qa_8414,A,A,A,1,1
qa_2467,A,A,A,1,1
qa_9149,A,A,A,1,1
qa_1312,B,B,B,1,1
qa_3645,C,A,A,0,0
MedXpertQA_394,J,A,A,0,0
huatuo_4739,D,D,D,1,1
qa_6505,C,B,B,0,0
medqa_5237,D,C,C,0,0
medqa_4219,A,A,A,1,1
qa_660,E,A,A,0,0
qa_273,B,B,B,1,1
medqa_7507,B,A,A,0,0
qa_8803,D,B,B,0,0
qa_1523,B,A,B,0,1
qa_4027,D,D,D,1,1
medqa_630,B,B,B,1,1
pubmedqa_unlabeled_8021,A,A,A,1,1
qa_1768,C,C,C,1,1
pubmedqa_artificial_4057,A,A,A,1,1
qa_4346,A,A,A,1,1
qa_9009,A,B,B,0,0
medqa_5556,B,B,B,1,1
qa_6569,A,C,C,0,0
qa_8792,C,C,C,1,1
MedXpertQA_102,G,D,D,0,0
qa_7702,B,B,B,1,1
qa_6927,B,B,B,1,1
huatuo_5310,C,C,C,1,1
qa_1991,B,B,B,1,1
huatuo_5863,A,A,A,1,1
medqa_4324,B,B,B,1,1
medqa_792,D,D,D,1,1
qa_4380,D,D,D,1,1
MedXpertQA_366,F,G,G,0,0
qa_8394,B,B,B,1,1
medqa_4539,A,C,C,0,0
qa_3190,C,C,C,1,1
medqa_7410,D,D,D,1,1
qa_7160,C,C,C,1,1
qa_4619,D,D,D,1,1
qa_2596,B,B,B,1,1
medqa_7416,A,A,A,1,1
qa_1781,B,C,C,0,0
MMLU_874,D,D,D,1,1
qa_1770,C,C,C,1,1
medqa_470,B,B,B,1,1
qa_1396,D,D,D,1,1
medqa_5020,A,A,A,1,1
qa_8511,A,A,A,1,1
medqa_6735,B,B,B,1,1
qa_8298,B,B,B,1,1
qa_3595,C,C,C,1,1
qa_2275,D,A,D,0,1
qa_2160,C,C,C,1,1
qa_7862,A,A,A,1,1
qa_4270,B,B,B,1,1
qa_2587,A,A,A,1,1
qa_8228,B,B,B,1,1
qa_5144,C,D,D,0,0
qa_3424,C,C,C,1,1
qa_6292,A,A,A,1,1
MedXpertQA_781,C,H,H,0,0
qa_4678,A,A,A,1,1
qa_2580,D,D,D,1,1
qa_9535,D,D,D,1,1
qa_2057,B,B,B,1,1
medqa_7555,B,A,A,0,0
huatuo_4084,E,D,C,0,0
qa_8560,A,B,B,0,0
qa_5295,D,D,D,1,1
qa_8870,C,C,C,1,1
qa_1087,A,A,A,1,1
qa_2715,C,C,C,1,1
qa_1779,B,B,B,1,1
qa_3398,D,D,D,1,1
qa_2397,C,C,C,1,1
huatuo_4824,A,A,A,1,1
medqa_4570,C,C,C,1,1
qa_3871,D,C,C,0,0
MedXpertQA_750,J,F,F,0,0
qa_7209,C,C,C,1,1
qa_35,A,A,A,1,1
medqa_7197,D,D,D,1,1
medqa_7298,C,C,C,1,1
qa_3350,A,A,A,1,1
huatuo_7322,B,A,A,0,0
qa_2569,D,D,D,1,1
pubmedqa_artificial_7380,A,B,B,0,0
medmcqa_182,D,D,D,1,1
qa_7911,B,D,D,0,0
medqa_644,C,C,C,1,1
qa_6096,D,D,D,1,1
medqa_5091,C,C,C,1,1
medmcqa_1912,B,B,B,1,1
medqa_872,C,C,C,1,1
medqa_6579,A,A,A,1,1
medqa_4048,C,C,C,1,1
qa_8629,C,C,C,1,1
medqa_79,A,A,A,1,1
qa_2140,C,D,D,0,0
medqa_566,C,C,C,1,1
qa_8157,B,C,C,0,0
medqa_4045,C,C,C,1,1
qa_6998,E,E,E,1,1
MedXpertQA_446,J,I,I,0,0
MedXpertQA_917,B,C,C,0,0
medqa_7036,D,D,D,1,1
qa_6361,A,A,A,1,1
qa_924,A,A,A,1,1
qa_6466,C,C,C,1,1
qa_9211,A,A,A,1,1
MedXpertQA_143,A,D,D,0,0
qa_6089,D,D,D,1,1
qa_3477,C,C,C,1,1
medqa_4967,D,A,A,0,0
qa_2176,D,D,D,1,1
qa_3058,B,B,B,1,1
qa_8457,D,D,D,1,1
MedXpertQA_167,H,D,D,0,0
medqa_573,C,C,C,1,1
qa_1684,B,A,A,0,0
pubmedqa_artificial_8246,A,B,B,0,0
qa_9015,B,B,B,1,1
medqa_142,B,A,A,0,0
qa_3707,D,D,D,1,1
medqa_4141,B,B,B,1,1
qa_6275,D,D,D,1,1
medqa_7087,A,A,A,1,1
medqa_80,B,B,B,1,1
qa_8613,A,A,A,1,1
medqa_929,C,C,C,1,1
medmcqa_2524,B,B,B,1,1
qa_7848,B,C,C,0,0
qa_1467,A,A,A,1,1
qa_9364,B,B,B,1,1
MedXpertQA_144,I,A,A,0,0
medqa_724,A,A,A,1,1
qa_2135,A,A,A,1,1
qa_2325,A,C,C,0,0
qa_1794,D,D,D,1,1
medqa_5423,B,B,B,1,1
qa_9940,A,B,B,0,0
qa_2432,C,C,C,1,1
medqa_595,A,B,B,0,0
qa_6895,A,B,B,0,0
MedXpertQA_502,J,J,J,1,1
qa_7661,B,B,B,1,1
qa_1859,A,D,D,0,0
qa_3687,D,D,D,1,1
MMLU_939,C,C,C,1,1
qa_3654,D,D,D,1,1
qa_3901,C,C,C,1,1
medqa_7279,A,A,A,1,1
medqa_5268,D,A,A,0,0
medqa_838,A,A,A,1,1
qa_3257,B,B,B,1,1
qa_2170,E,B,B,0,0
qa_3983,B,B,B,1,1
medqa_7228,B,B,B,1,1
medqa_7429,A,A,A,1,1
medqa_5524,D,D,D,1,1
qa_2255,C,C,C,1,1
qa_5646,A,A,A,1,1
qa_6699,C,C,C,1,1
qa_8050,B,A,A,0,0
qa_9468,C,C,C,1,1
MedXpertQA_754,C,C,C,1,1
medqa_86,D,D,D,1,1
medqa_6940,C,C,C,1,1
MMLU_928,C,C,C,1,1
qa_1107,B,B,B,1,1
qa_3259,D,D,D,1,1
qa_7891,C,C,C,1,1
qa_1404,C,C,C,1,1
qa_2747,A,B,B,0,0
MedXpertQA_894,B,B,B,1,1
medqa_795,D,A,A,0,0
huatuo_8795,B,A,A,0,0
qa_8829,C,A,A,0,0
MedXpertQA_864,J,D,D,0,0
medqa_5147,B,A,A,0,0
medqa_7131,A,A,A,1,1
MedXpertQA_661,B,G,G,0,0
qa_1135,A,A,A,1,1
qa_7332,B,B,B,1,1
medqa_7016,B,B,B,1,1
medqa_436,D,D,D,1,1
qa_2073,D,D,D,1,1
medqa_6687,D,D,D,1,1
medmcqa_2820,A,C,C,0,0
qa_231,D,D,D,1,1
medqa_4329,C,C,C,1,1
medqa_7457,A,A,A,1,1
qa_1151,C,C,C,1,1
huatuo_8759,A,A,A,1,1
qa_6568,A,B,B,0,0
MedXpertQA_375,E,G,G,0,0
qa_6362,D,D,D,1,1
qa_4891,C,C,C,1,1
qa_5915,A,A,A,1,1
qa_9252,B,B,B,1,1
qa_9263,A,A,A,1,1
qa_1505,C,D,D,0,0
medqa_17,C,C,C,1,1
qa_131,D,D,D,1,1
MedXpertQA_638,B,H,E,0,0
MedXpertQA_908,J,A,A,0,0
qa_2522,D,D,D,1,1
medqa_6678,A,A,A,1,1
qa_6135,A,A,A,1,1
qa_8844,D,D,D,1,1
qa_8833,C,C,C,1,1
qa_3623,D,D,D,1,1
qa_3038,D,D,D,1,1
medqa_912,C,B,B,0,0
qa_103,C,C,C,1,1
huatuo_7410,D,D,D,1,1
medmcqa_1292,B,B,B,1,1
qa_7619,B,B,B,1,1
medqa_4813,D,D,D,1,1
medqa_4222,C,C,C,1,1
qa_1358,A,A,A,1,1
qa_3574,B,B,B,1,1
qa_5395,D,D,D,1,1
qa_6021,D,D,D,1,1
qa_2508,D,D,D,1,1
pubmedqa_artificial_5932,A,B,B,0,0
qa_2801,D,C,A,0,0
MMLU_1016,A,A,A,1,1
qa_4682,D,D,D,1,1
qa_3930,B,B,B,1,1
medqa_875,D,D,D,1,1
MedXpertQA_210,B,G,G,0,0
qa_7232,B,B,B,1,1
qa_7840,A,A,A,1,1
MedXpertQA_538,F,D,D,0,0
qa_3141,D,C,C,0,0
pubmedqa_artificial_4145,A,B,A,0,1
pubmedqa_artificial_5397,B,B,B,1,1
qa_2555,D,D,D,1,1
MMLU_870,D,D,D,1,1
medqa_5879,C,C,C,1,1
MedXpertQA_681,F,C,C,0,0
medqa_7078,D,D,D,1,1
qa_6467,A,A,A,1,1
medqa_7253,D,D,D,1,1
qa_4527,D,D,D,1,1
qa_8866,C,C,C,1,1
qa_8183,D,D,D,1,1
qa_9315,D,D,D,1,1
qa_4307,B,B,B,1,1
MedXpertQA_202,A,A,A,1,1
qa_8147,B,B,B,1,1
qa_2714,C,C,C,1,1
medqa_5578,D,D,D,1,1
qa_1006,C,C,C,1,1
qa_5210,B,B,B,1,1
qa_3537,B,B,B,1,1
qa_6984,D,B,B,0,0
qa_6190,D,D,D,1,1
qa_2115,C,C,C,1,1
medqa_5261,C,C,C,1,1
qa_4113,A,A,A,1,1
qa_5532,C,C,C,1,1
medqa_294,B,B,B,1,1
medqa_5033,C,C,C,1,1
huatuo_1417,E,E,E,1,1
qa_6496,C,C,C,1,1
qa_2631,B,A,B,0,1
qa_9457,A,A,A,1,1
qa_9022,D,D,D,1,1
medmcqa_3142,A,A,A,1,1
qa_4025,B,B,B,1,1
qa_1589,B,B,B,1,1
medqa_6664,A,A,A,1,1
huatuo_4533,C,D,D,0,0
qa_5130,D,D,D,1,1
medqa_441,C,C,C,1,1
qa_6252,A,A,A,1,1
qa_2695,B,D,D,0,0
qa_1936,B,B,B,1,1
medqa_7514,C,C,C,1,1
huatuo_7724,B,B,B,1,1
qa_4909,C,C,C,1,1
qa_6787,C,C,C,1,1
qa_1483,A,A,A,1,1
huatuo_9015,A,A,A,1,1
qa_93,A,E,E,0,0
qa_6659,C,C,C,1,1
medqa_4939,A,A,A,1,1
qa_3018,A,A,A,1,1
qa_3448,B,B,B,1,1
qa_3372,A,D,D,0,0
MedXpertQA_672,C,A,A,0,0
MMLU_1030,D,D,D,1,1
qa_6502,A,A,A,1,1
qa_8825,C,C,C,1,1
huatuo_1477,E,D,D,0,0
qa_7697,A,B,B,0,0
qa_526,A,A,A,1,1
qa_3103,A,A,A,1,1
qa_9179,B,D,D,0,0
medqa_7098,D,D,D,1,1
qa_3648,B,B,B,1,1
MedXpertQA_886,H,A,B,0,0
qa_1036,A,A,A,1,1
qa_2841,B,B,B,1,1
qa_1566,B,C,C,0,0
qa_382,A,A,A,1,1
qa_1415,C,C,C,1,1
medqa_7383,B,B,B,1,1
medqa_365,C,C,C,1,1
qa_3505,A,A,A,1,1
qa_705,E,A,A,0,0
medqa_996,B,A,A,0,0
huatuo_4555,C,C,C,1,1
qa_6222,A,A,A,1,1
qa_9073,B,B,B,1,1
medqa_4470,B,B,B,1,1
qa_8519,C,C,C,1,1
qa_3174,C,C,C,1,1
qa_8517,A,A,A,1,1
medmcqa_6945,A,A,A,1,1
qa_1929,A,A,A,1,1
MedXpertQA_86,A,H,A,0,1
qa_7855,C,C,C,1,1
medqa_4614,D,D,D,1,1
qa_2728,C,C,C,1,1
qa_2293,D,D,D,1,1
MMLU_917,B,B,B,1,1
qa_2324,C,C,C,1,1
qa_2428,D,D,D,1,1
qa_8133,B,B,B,1,1
qa_8600,D,D,D,1,1
qa_4055,D,D,D,1,1
qa_7966,D,D,D,1,1
MedXpertQA_433,H,H,H,1,1
medqa_16,D,D,D,1,1
qa_1645,A,A,A,1,1
qa_3261,B,A,A,0,0
medqa_4523,A,A,A,1,1
qa_8492,B,B,B,1,1
medqa_995,A,A,A,1,1
huatuo_5973,C,C,C,1,1
qa_1470,A,A,A,1,1
MMLU_823,B,B,B,1,1
medqa_676,D,D,D,1,1
medqa_7293,A,A,A,1,1
medqa_5577,B,B,B,1,1
medqa_4831,D,D,D,1,1
MMLU_837,D,D,D,1,1
medqa_4646,B,B,B,1,1
qa_2157,C,C,C,1,1
qa_8447,A,A,A,1,1
qa_4132,B,B,B,1,1
huatuo_1423,A,A,A,1,1
qa_1334,B,B,B,1,1
qa_2671,C,C,C,1,1
MedXpertQA_482,C,A,A,0,0
medqa_4333,D,D,D,1,1
qa_3487,B,C,B,0,1
medqa_4795,B,B,B,1,1
qa_2782,D,D,D,1,1
qa_9128,C,C,C,1,1
qa_8226,B,B,B,1,1
qa_3481,B,A,A,0,0
qa_9146,A,A,A,1,1
qa_2920,A,A,A,1,1
medqa_4485,C,C,C,1,1
qa_1673,D,D,D,1,1
qa_8087,D,D,D,1,1
qa_6367,B,B,B,1,1
qa_3758,C,C,C,1,1
medqa_5296,C,C,C,1,1
MedXpertQA_760,E,D,D,0,0
medqa_6710,A,C,C,0,0
qa_8597,A,A,A,1,1
qa_8126,C,A,A,0,0
qa_9515,B,B,B,1,1
qa_1588,A,A,A,1,1
qa_2701,B,B,B,1,1
medqa_261,B,C,C,0,0
medqa_141,B,B,B,1,1
qa_3114,C,B,B,0,0
medqa_4664,D,D,D,1,1
qa_3336,B,B,B,1,1
qa_8508,B,A,A,0,0
qa_4215,D,D,A,1,0
qa_8806,B,B,B,1,1
qa_5055,B,B,B,1,1
qa_3803,A,A,A,1,1
medqa_7172,A,A,A,1,1
qa_2993,A,A,A,1,1
qa_3896,A,A,A,1,1
MedXpertQA_982,B,B,B,1,1
qa_8459,C,C,C,1,1
MedXpertQA_620,B,A,A,0,0
qa_6903,A,A,A,1,1
medqa_4502,A,B,B,0,0
qa_8963,B,A,A,0,0
medqa_4235,D,D,D,1,1
medqa_5352,C,C,C,1,1
pubmedqa_artificial_3879,A,B,B,0,0
qa_6444,C,C,C,1,1
qa_687,C,A,A,0,0
qa_3559,A,D,D,0,0
MedXpertQA_466,G,I,I,0,0
huatuo_8294,C,C,C,1,1
MMLU_1047,D,B,B,0,0
medmcqa_924,A,A,A,1,1
qa_8285,D,A,A,0,0
qa_3349,C,C,C,1,1
qa_3062,D,D,D,1,1
medqa_476,A,A,A,1,1
qa_9057,A,A,A,1,1
qa_8527,D,D,D,1,1
qa_9102,B,B,B,1,1
qa_3592,C,C,C,1,1
huatuo_7560,D,C,C,0,0
qa_9447,C,C,C,1,1
huatuo_4463,E,A,A,0,0
qa_6491,A,A,A,1,1
qa_5076,C,B,B,0,0
medqa_223,B,B,B,1,1
qa_4472,A,B,B,0,0
huatuo_5014,D,D,D,1,1
huatuo_1000,D,D,D,1,1
qa_6147,D,C,C,0,0
medqa_4927,B,B,B,1,1
qa_1016,C,C,C,1,1
huatuo_4616,A,A,A,1,1
qa_2184,A,A,A,1,1
qa_2989,C,C,C,1,1
qa_2079,D,D,D,1,1
MedXpertQA_733,A,A,A,1,1
qa_3938,A,A,A,1,1
qa_9150,D,D,A,1,0
medqa_868,A,A,A,1,1
MedXpertQA_690,E,E,E,1,1
qa_6032,B,B,B,1,1
medqa_4958,D,D,D,1,1
qa_9490,B,A,A,0,0
qa_1710,A,A,A,1,1
qa_3371,A,A,A,1,1
pubmedqa_unlabeled_4690,B,A,A,0,0
qa_9194,C,C,C,1,1
qa_7779,C,C,C,1,1
huatuo_7592,A,B,B,0,0
qa_7428,C,C,C,1,1
medqa_7564,D,D,D,1,1
MedXpertQA_140,G,A,A,0,0
qa_1156,A,A,A,1,1
medqa_7328,C,C,C,1,1
huatuo_7648,A,A,A,1,1
medqa_5903,A,A,A,1,1
qa_2221,C,C,C,1,1
MMLU_1049,D,D,D,1,1
qa_2265,B,D,D,0,0
medqa_4580,A,B,B,0,0
qa_5345,A,A,A,1,1
MedXpertQA_492,E,E,E,1,1
medqa_4544,A,A,A,1,1
medqa_34,C,A,A,0,0
qa_2100,C,A,A,0,0
qa_1582,A,A,A,1,1
qa_1722,D,D,D,1,1
qa_1061,A,A,A,1,1
qa_9084,A,A,A,1,1
qa_1108,A,A,A,1,1
qa_4742,A,A,A,1,1
qa_8779,A,A,A,1,1
qa_8583,D,C,C,0,0
qa_1548,A,A,A,1,1
MMLU_1004,B,B,B,1,1
medqa_7192,D,D,D,1,1
qa_5070,D,D,D,1,1
qa_9144,B,B,B,1,1
qa_7860,A,A,A,1,1
qa_3715,E,B,B,0,0
qa_150,C,C,C,1,1
qa_2000,C,A,A,0,0
qa_1730,B,B,B,1,1
qa_2940,D,D,D,1,1
MedXpertQA_181,B,C,C,0,0
qa_4592,B,D,D,0,0
qa_7632,A,A,A,1,1
qa_5287,D,D,D,1,1
qa_5663,B,B,B,1,1
medmcqa_1613,B,B,B,1,1
MedXpertQA_623,I,A,A,0,0
medqa_7144,A,A,A,1,1
qa_7918,C,C,C,1,1
medqa_6908,A,A,A,1,1
qa_1190,A,A,A,1,1
qa_9003,A,A,A,1,1
medqa_5142,B,B,B,1,1
qa_1823,B,B,B,1,1
medqa_4588,B,B,B,1,1
medqa_6958,C,C,C,1,1
qa_3826,D,D,D,1,1
medqa_6719,D,B,B,0,0
qa_2198,A,A,A,1,1
medqa_5696,A,A,A,1,1
pubmedqa_artificial_1635,A,A,A,1,1
qa_3864,B,B,B,1,1
qa_8013,A,A,A,1,1
qa_6345,B,B,B,1,1
qa_6302,A,B,B,0,0
qa_1760,A,A,A,1,1
medqa_4875,B,B,B,1,1
qa_6309,C,C,C,1,1
medqa_4827,C,D,D,0,0
medqa_4806,C,C,C,1,1
MedXpertQA_121,A,G,G,0,0
qa_2752,B,C,C,0,0
qa_6048,C,C,C,1,1
medmcqa_2676,C,C,C,1,1
medqa_7569,A,B,B,0,0
qa_3249,B,B,B,1,1
qa_6145,C,C,C,1,1
qa_6906,A,A,B,1,0
qa_7764,B,B,B,1,1
qa_8876,D,D,D,1,1
medqa_4194,D,D,D,1,1
medqa_7126,D,D,D,1,1
huatuo_8421,A,A,A,1,1
MedXpertQA_68,A,H,H,0,0
qa_5386,A,B,B,0,0
medqa_7267,B,B,B,1,1
qa_8735,B,B,B,1,1
qa_7229,A,A,A,1,1
qa_2330,A,A,A,1,1
qa_8131,D,D,D,1,1
medmcqa_2569,A,A,A,1,1
MedXpertQA_604,J,E,E,0,0
medqa_4915,A,A,A,1,1
qa_6743,D,D,D,1,1
medqa_690,D,B,B,0,0
MMLU_1046,D,D,D,1,1
qa_1970,D,D,D,1,1
medqa_6890,D,D,D,1,1
qa_2834,A,A,A,1,1
MedXpertQA_771,D,D,D,1,1
qa_9479,A,A,A,1,1
MedXpertQA_481,E,A,A,0,0
MedXpertQA_646,A,I,I,0,0
qa_4021,C,C,C,1,1
qa_8644,B,B,B,1,1
qa_7290,D,D,D,1,1
qa_8055,C,C,C,1,1
qa_9255,C,C,C,1,1
qa_7658,C,C,C,1,1
qa_6913,A,D,D,0,0
medqa_102,D,D,D,1,1
MedXpertQA_782,E,D,D,0,0
qa_1286,B,C,C,0,0
MedXpertQA_274,J,F,F,0,0
qa_1960,C,C,C,1,1
medqa_785,A,A,A,1,1
medqa_252,B,B,B,1,1
qa_4713,A,A,A,1,1
qa_2710,D,D,D,1,1
qa_497,A,A,A,1,1
medqa_4412,B,B,B,1,1
qa_2439,C,C,C,1,1
qa_2768,A,A,A,1,1
qa_2501,C,C,C,1,1
medqa_5427,A,D,D,0,0
qa_9305,B,B,B,1,1
qa_1000,B,B,B,1,1
MMLU_1005,D,D,D,1,1
qa_3562,D,D,D,1,1
medqa_5058,A,A,A,1,1
MedXpertQA_570,E,A,A,0,0
qa_9226,B,C,C,0,0
medqa_7182,D,A,A,0,0
medqa_7467,D,D,D,1,1
qa_8268,C,C,C,1,1
medqa_7204,D,D,D,1,1
qa_6475,C,C,C,1,1
qa_8858,C,C,C,1,1
qa_1422,D,C,C,0,0
qa_9174,D,D,D,1,1
qa_8943,B,B,B,1,1
qa_4003,D,D,D,1,1
qa_3471,A,A,A,1,1
medqa_5508,B,B,B,1,1
qa_2097,A,A,A,1,1
qa_7805,B,B,B,1,1
medmcqa_6916,A,B,B,0,0
qa_6574,D,D,D,1,1
qa_9577,C,C,C,1,1
qa_3480,C,C,C,1,1
MedXpertQA_704,G,F,F,0,0
huatuo_5646,E,E,E,1,1
qa_8379,C,C,C,1,1
MedXpertQA_783,I,I,I,1,1
qa_1066,C,B,B,0,0
qa_1515,C,C,C,1,1
qa_6487,D,D,D,1,1
medqa_7522,C,C,C,1,1
MMLU_913,A,A,A,1,1
medqa_4908,A,A,A,1,1
qa_3824,B,B,B,1,1
huatuo_4384,B,B,B,1,1
qa_2755,B,C,C,0,0
qa_5687,C,C,C,1,1
qa_1853,B,B,B,1,1
MedXpertQA_666,E,A,A,0,0
qa_1788,B,C,C,0,0
qa_7065,D,D,D,1,1
huatuo_4984,B,B,B,1,1
qa_8814,A,A,A,1,1
qa_2746,A,A,A,1,1
qa_1832,D,D,D,1,1
medqa_5785,C,C,C,1,1
huatuo_1734,B,B,B,1,1
qa_8913,A,A,A,1,1
medqa_857,D,D,D,1,1
qa_2142,D,A,A,0,0
medmcqa_409,D,A,A,0,0
medqa_4949,C,C,C,1,1
qa_2046,C,D,D,0,0
pubmedqa_artificial_2429,A,A,A,1,1
MMLU_962,D,D,D,1,1
MedXpertQA_495,F,E,E,0,0
qa_4034,D,A,A,0,0
pubmedqa_81,A,A,A,1,1
qa_4253,A,A,A,1,1
qa_3978,B,D,D,0,0
medqa_5227,D,D,D,1,1
qa_8528,D,D,D,1,1
qa_2172,A,A,A,1,1
qa_2601,D,D,D,1,1
medqa_5916,D,D,D,1,1
qa_6609,D,B,B,0,0
qa_3003,B,B,B,1,1
medqa_7561,A,D,D,0,0
huatuo_5789,C,B,B,0,0
qa_1305,B,B,B,1,1
medqa_5618,B,B,B,1,1
qa_8744,A,A,A,1,1
qa_8645,C,C,C,1,1
medqa_5835,B,B,B,1,1
qa_2594,C,C,C,1,1
qa_2865,A,A,A,1,1
qa_8632,A,A,A,1,1
qa_3073,A,A,A,1,1
qa_6173,A,A,A,1,1
MedXpertQA_55,J,C,C,0,0
medqa_4314,C,C,C,1,1
qa_3040,A,D,D,0,0
medqa_7484,D,A,A,0,0
medqa_4114,D,D,D,1,1
qa_7808,D,D,D,1,1
medqa_4326,D,D,D,1,1
qa_6150,C,C,C,1,1
medqa_4655,D,D,D,1,1
qa_8756,C,C,C,1,1
qa_2476,D,D,D,1,1
MMLU_1071,D,D,D,1,1
qa_4743,B,A,A,0,0
medqa_4367,C,C,C,1,1
qa_8365,C,C,C,1,1
qa_3138,B,B,B,1,1
qa_6092,C,C,C,1,1
medqa_5829,A,A,A,1,1
MMLU_936,C,C,C,1,1
huatuo_1584,D,D,D,1,1
medqa_5224,B,B,B,1,1
medqa_4548,C,C,C,1,1
qa_437,D,D,D,1,1
qa_3784,A,A,A,1,1
huatuo_1565,B,B,B,1,1
qa_2514,D,A,A,0,0
qa_2852,A,A,A,1,1
qa_625,A,A,A,1,1
medqa_5176,B,B,B,1,1
qa_6885,A,A,A,1,1
qa_3447,B,B,B,1,1
medqa_7331,C,B,C,0,1
qa_3679,C,C,C,1,1
MedXpertQA_493,G,I,I,0,0
medqa_7000,A,C,D,0,0
medqa_4319,B,B,B,1,1
medqa_7044,A,B,B,0,0
qa_5041,C,C,C,1,1
MedXpertQA_471,I,J,J,0,0
medqa_392,A,A,A,1,1
qa_6422,D,A,A,0,0
qa_3507,B,B,B,1,1
qa_1361,A,B,B,0,0
qa_3573,A,A,A,1,1
MedXpertQA_293,F,H,H,0,0
qa_5821,C,C,C,1,1
MedXpertQA_428,D,C,C,0,0
qa_4599,A,A,A,1,1
qa_2880,B,B,B,1,1
medqa_806,B,B,B,1,1
qa_7629,C,C,C,1,1
medqa_4832,C,C,C,1,1
qa_3164,A,A,A,1,1
huatuo_1543,A,A,A,1,1
medqa_5525,C,A,A,0,0
qa_1027,D,D,D,1,1
qa_2435,D,D,D,1,1
qa_611,A,A,A,1,1
huatuo_7517,D,D,D,1,1
qa_1747,A,A,A,1,1
huatuo_4553,D,D,D,1,1
qa_3279,A,A,A,1,1
medqa_6578,B,B,B,1,1
qa_1569,B,B,B,1,1
qa_3361,D,D,D,1,1
medqa_7478,D,D,D,1,1
medqa_784,D,D,D,1,1
medmcqa_884,A,A,A,1,1
qa_4704,B,B,B,1,1
qa_3400,D,C,C,0,0
medqa_7535,B,B,B,1,1
medqa_4928,A,A,A,1,1
huatuo_1030,B,A,A,0,0
qa_4436,A,A,A,1,1
qa_3412,D,D,D,1,1
medqa_171,B,B,B,1,1
qa_295,A,B,B,0,0
medqa_5068,D,B,B,0,0
qa_9166,C,C,C,1,1
qa_3063,C,C,C,1,1
MMLU_1044,C,C,C,1,1
medqa_5447,C,C,C,1,1
qa_6409,B,B,B,1,1
medqa_6014,D,D,D,1,1
MedXpertQA_9,B,E,E,0,0
pubmedqa_artificial_1252,A,B,B,0,0
medqa_910,C,C,C,1,1
huatuo_5443,B,B,B,1,1
medqa_6692,A,A,A,1,1
medqa_4801,D,D,D,1,1
MedXpertQA_449,H,G,G,0,0
huatuo_8239,B,C,C,0,0
MedXpertQA_885,C,J,J,0,0
qa_1472,D,D,D,1,1
qa_2552,C,C,C,1,1
qa_5367,A,A,A,1,1
huatuo_8978,A,A,A,1,1
qa_7856,D,D,D,1,1
qa_6258,B,B,B,1,1
qa_6087,B,B,B,1,1
qa_8953,B,B,B,1,1
medqa_4962,B,B,B,1,1
qa_1074,C,C,C,1,1
qa_3641,C,C,C,1,1
qa_2986,B,B,B,1,1
medqa_481,C,C,C,1,1
qa_3070,D,D,D,1,1
medqa_5591,D,D,D,1,1
medqa_353,A,A,A,1,1
qa_4016,D,D,D,1,1
qa_1053,C,C,C,1,1
qa_8513,D,D,D,1,1
medqa_7520,B,A,A,0,0
MedXpertQA_354,G,G,G,1,1
qa_1443,D,D,D,1,1
qa_7360,B,B,B,1,1
medqa_7187,D,D,D,1,1
qa_7919,A,A,A,1,1
medqa_828,C,C,C,1,1
qa_5259,B,B,B,1,1
qa_1300,B,B,B,1,1
medqa_5039,C,B,B,0,0
medmcqa_3277,C,C,C,1,1
huatuo_5458,D,A,A,0,0
MedXpertQA_3,I,C,C,0,0
medqa_805,A,A,A,1,1
medqa_5646,D,D,D,1,1
qa_8971,B,B,B,1,1
qa_6171,B,B,B,1,1
qa_7730,C,C,C,1,1
qa_1512,B,B,B,1,1
huatuo_5568,E,A,A,0,0
qa_2123,D,D,D,1,1
medqa_89,A,B,B,0,0
medqa_321,B,B,B,1,1
medmcqa_2711,B,C,C,0,0
huatuo_7861,C,C,C,1,1
qa_9389,C,A,C,0,1
medqa_5263,B,B,B,1,1
qa_2020,C,C,C,1,1
MedXpertQA_360,A,F,F,0,0
medqa_91,D,D,D,1,1
qa_3902,D,B,B,0,0
MMLU_937,C,C,C,1,1
huatuo_8749,B,B,B,1,1
medqa_719,D,D,D,1,1
medqa_6902,C,A,A,0,0
qa_1492,A,A,A,1,1
medqa_5612,C,C,C,1,1
qa_2595,B,B,B,1,1
qa_1627,B,B,B,1,1
medqa_811,A,A,A,1,1
qa_2791,B,B,B,1,1
MedXpertQA_153,D,D,D,1,1
medqa_6981,A,A,A,1,1
qa_3927,D,D,D,1,1
medqa_380,C,C,C,1,1
medqa_310,A,D,D,0,0
medqa_4189,C,C,C,1,1
medqa_7268,B,B,B,1,1
medqa_4107,B,B,B,1,1
medqa_554,C,C,C,1,1
qa_3515,C,C,C,1,1
qa_5316,D,D,D,1,1
qa_3529,B,B,B,1,1
qa_2517,C,C,C,1,1
qa_8970,C,C,C,1,1
MedXpertQA_536,B,C,C,0,0
qa_1632,A,A,A,1,1
medqa_7241,C,C,C,1,1
qa_1726,B,A,A,0,0
qa_3719,B,D,D,0,0
medqa_7442,A,C,C,0,0
qa_7745,B,B,B,1,1
medqa_699,C,C,C,1,1
qa_5823,D,D,D,1,1
qa_5173,B,B,B,1,1
medqa_158,D,C,C,0,0
medqa_4552,C,D,D,0,0
qa_8361,B,B,B,1,1
qa_3422,B,B,B,1,1
medqa_4803,B,B,B,1,1
medqa_4660,D,D,D,1,1
qa_3672,A,A,A,1,1
medqa_6955,A,A,A,1,1
qa_9391,C,C,C,1,1
medqa_6593,C,C,C,1,1
qa_2597,B,B,B,1,1
qa_5880,A,A,A,1,1
medqa_634,C,C,C,1,1
medqa_552,B,D,D,0,0
huatuo_8335,C,B,B,0,0
qa_9101,B,B,B,1,1
qa_1889,D,D,D,1,1
MedXpertQA_550,A,C,C,0,0
qa_4874,A,A,A,1,1
qa_9277,B,B,B,1,1
qa_1267,B,A,A,0,0
huatuo_8397,D,D,D,1,1
medqa_7005,B,B,B,1,1
medqa_6922,A,A,A,1,1
qa_1861,D,C,C,0,0
qa_3750,A,A,A,1,1
medqa_688,B,B,B,1,1
qa_6247,A,A,A,1,1
MedXpertQA_214,B,E,E,0,0
qa_2582,D,D,D,1,1
huatuo_4133,A,A,A,1,1
qa_8686,C,C,C,1,1
qa_6098,B,B,B,1,1
qa_3944,B,B,B,1,1
medqa_6978,C,C,C,1,1
medqa_213,A,A,A,1,1
qa_4712,A,A,A,1,1
huatuo_6001,B,B,B,1,1
MedXpertQA_21,E,E,E,1,1
qa_5175,C,C,C,1,1
qa_8949,C,C,C,1,1
qa_6324,A,C,A,0,1
qa_3117,B,B,B,1,1
medqa_138,A,A,A,1,1
qa_2792,B,B,B,1,1
qa_6751,A,A,A,1,1
qa_8032,A,A,A,1,1
qa_9317,C,C,C,1,1
qa_6033,B,B,B,1,1
qa_5814,B,B,B,1,1
qa_2096,A,C,C,0,0
qa_1737,A,A,A,1,1
qa_1047,B,C,C,0,0
qa_7700,B,B,B,1,1
qa_1511,A,A,A,1,1
medqa_5071,C,C,C,1,1
medqa_579,B,B,B,1,1
MMLU_824,C,C,C,1,1
medqa_5749,B,B,B,1,1
qa_2761,D,D,D,1,1
qa_600,A,A,A,1,1
medmcqa_1173,B,B,B,1,1
medqa_486,C,C,C,1,1
medqa_5485,D,D,D,1,1
MedXpertQA_991,C,D,D,0,0
qa_3313,C,C,C,1,1
MedXpertQA_642,G,D,D,0,0
qa_3822,C,B,B,0,0
medqa_4475,B,B,B,1,1
qa_3828,B,B,B,1,1
qa_1898,A,A,A,1,1
qa_8958,B,B,B,1,1
medqa_363,B,A,A,0,0
medqa_5674,A,A,A,1,1
qa_4493,B,B,B,1,1
qa_1873,A,A,A,1,1
medqa_786,D,D,D,1,1
MedXpertQA_402,J,A,A,0,0
qa_3000,B,A,B,0,1
qa_2133,B,B,B,1,1
qa_1230,C,C,C,1,1
MedXpertQA_961,F,F,F,1,1
pubmedqa_artificial_7793,A,A,B,1,0
qa_2909,D,D,D,1,1
qa_8934,D,D,D,1,1
qa_2385,C,C,C,1,1
medqa_5622,D,D,D,1,1
qa_9201,D,D,D,1,1
medmcqa_1399,B,B,B,1,1
MedXpertQA_761,I,J,J,0,0
qa_1642,B,B,B,1,1
MedXpertQA_883,E,E,E,1,1
qa_3012,A,A,A,1,1
medqa_4641,C,C,C,1,1
qa_6882,D,D,D,1,1
qa_314,A,B,B,0,0
qa_1753,C,C,C,1,1
qa_5972,A,A,A,1,1
qa_2163,D,D,D,1,1
qa_3782,A,A,A,1,1
medmcqa_2026,A,A,A,1,1
qa_1614,B,C,C,0,0
medqa_669,C,D,D,0,0
qa_4013,B,B,B,1,1
qa_1819,C,C,C,1,1
qa_2173,A,A,A,1,1
qa_4847,C,C,C,1,1
qa_5093,C,C,C,1,1
qa_8918,B,B,B,1,1
