sample_key,gold_answer,reasoner_correct_qwen_nopc,final_correct_qwen_nopc,final_answer_qwen_nopc,reasoner_correct_qwen_wpc,final_correct_qwen_wpc,final_answer_qwen_wpc
LastHumanity_125,D,0,0,A,0,0,A
LastHumanity_129,A,1,1,A,1,1,A
LastHumanity_132,B,0,0,E,0,0,E
LastHumanity_27,D,0,0,B,0,0,B
LastHumanity_48,B,0,0,C,0,0,C
MMLU_1000,B,1,1,B,1,1,B
MMLU_1004,B,1,1,B,1,1,B
MMLU_1005,D,1,1,D,1,1,D
MMLU_1013,A,1,1,A,1,1,A
MMLU_1015,D,1,1,D,1,1,D
MMLU_1016,A,1,1,A,1,1,A
MMLU_1026,D,1,1,D,1,1,D
MMLU_1030,D,1,1,D,1,1,D
MMLU_1031,A,1,1,A,1,1,A
MMLU_1032,D,0,0,B,0,0,A
MMLU_1039,D,1,1,D,1,1,D
MMLU_1041,A,1,1,A,1,1,A
MMLU_1044,C,1,1,C,1,1,C
MMLU_1046,D,1,1,D,1,1,D
MMLU_1047,D,0,1,D,0,1,D
MMLU_1049,D,1,1,D,1,1,D
MMLU_1071,D,1,1,D,1,1,D
MMLU_1074,D,1,1,D,1,1,D
MMLU_1077,D,1,1,D,1,1,D
MMLU_1083,C,1,1,C,1,1,C
MMLU_1085,B,0,0,C,0,0,C
MMLU_168,B,1,1,B,1,1,B
MMLU_357,A,1,1,A,1,1,A
MMLU_823,B,1,1,B,1,1,B
MMLU_824,C,1,1,C,1,1,C
MMLU_827,D,1,1,D,1,1,D
MMLU_835,D,1,1,D,1,1,D
MMLU_837,D,1,1,D,1,1,D
MMLU_840,B,1,1,B,1,1,B
MMLU_851,B,1,1,B,1,1,B
MMLU_852,D,1,1,D,1,1,D
MMLU_856,C,1,1,C,1,1,C
MMLU_867,D,0,0,A,0,0,A
MMLU_870,D,1,1,D,1,1,D
MMLU_874,D,1,1,D,1,1,D
MMLU_877,B,1,1,B,1,1,B
MMLU_891,D,1,1,D,1,1,D
MMLU_897,D,1,1,D,1,1,D
MMLU_909,B,1,1,B,1,1,B
MMLU_912,D,1,1,D,1,1,D
MMLU_913,A,1,1,A,1,1,A
MMLU_917,B,1,1,B,1,1,B
MMLU_918,A,1,1,A,1,1,A
MMLU_928,C,1,1,C,1,1,C
MMLU_929,D,1,1,D,1,1,D
MMLU_936,C,1,1,C,1,1,C
MMLU_937,C,1,1,C,1,1,C
MMLU_939,C,1,1,C,1,1,C
MMLU_945,A,1,1,A,1,1,A
MMLU_953,D,1,1,D,1,1,D
MMLU_955,D,1,1,D,1,1,D
MMLU_962,D,1,1,D,1,1,D
MMLU_967,D,1,1,D,1,1,D
MMLU_985,D,1,1,D,1,1,D
MMLU_987,B,1,1,B,1,1,B
MMLU_999,D,1,1,D,1,1,D
MedXpertQA_100,F,1,1,F,1,1,F
MedXpertQA_102,G,0,0,D,0,0,D
MedXpertQA_106,D,1,1,D,1,1,D
MedXpertQA_114,J,1,1,J,1,1,J
MedXpertQA_121,A,0,0,G,0,0,H
MedXpertQA_138,G,0,0,H,0,0,H
MedXpertQA_14,D,1,0,A,1,0,H
MedXpertQA_140,G,0,0,A,0,1,G
MedXpertQA_143,A,0,1,A,0,1,A
MedXpertQA_144,I,0,0,A,0,0,A
MedXpertQA_153,D,1,1,D,1,1,D
MedXpertQA_161,J,0,0,B,0,0,B
MedXpertQA_162,B,1,1,B,1,1,B
MedXpertQA_167,H,0,0,D,0,0,D
MedXpertQA_175,J,0,0,A,0,0,A
MedXpertQA_181,B,0,0,C,0,0,C
MedXpertQA_187,G,0,0,J,0,0,J
MedXpertQA_194,F,0,0,E,0,0,J
MedXpertQA_198,J,0,0,F,0,0,F
MedXpertQA_202,A,1,1,A,1,1,A
MedXpertQA_208,C,0,0,B,0,1,C
MedXpertQA_21,E,1,1,E,1,1,E
MedXpertQA_210,B,0,0,G,0,0,F
MedXpertQA_214,B,0,0,E,0,0,E
MedXpertQA_217,A,0,0,C,0,0,C
MedXpertQA_221,I,0,0,G,0,0,G
MedXpertQA_227,G,0,0,H,0,1,G
MedXpertQA_23,C,1,1,C,1,1,C
MedXpertQA_243,H,1,1,H,1,1,H
MedXpertQA_248,B,0,0,A,0,0,A
MedXpertQA_256,D,1,1,D,1,1,D
MedXpertQA_260,I,1,1,I,1,1,I
MedXpertQA_269,C,1,1,C,1,1,C
MedXpertQA_270,G,1,1,G,1,1,G
MedXpertQA_274,J,0,0,F,0,0,F
MedXpertQA_276,F,0,0,J,0,0,J
MedXpertQA_288,A,1,1,A,1,1,A
MedXpertQA_290,B,0,0,D,0,0,D
MedXpertQA_292,C,1,1,C,1,1,C
MedXpertQA_293,F,0,0,H,0,0,H
MedXpertQA_3,I,0,1,I,0,1,I
MedXpertQA_301,I,0,0,E,0,0,E
MedXpertQA_305,J,0,0,E,0,0,E
MedXpertQA_306,E,0,1,E,0,1,E
MedXpertQA_307,E,0,1,E,0,1,E
MedXpertQA_311,E,0,0,I,0,0,I
MedXpertQA_314,B,0,1,B,0,1,B
MedXpertQA_315,F,0,0,J,0,0,J
MedXpertQA_318,D,0,0,C,0,1,D
MedXpertQA_32,F,0,0,C,0,0,C
MedXpertQA_327,D,0,1,D,0,0,H
MedXpertQA_332,I,1,1,I,1,1,I
MedXpertQA_334,H,0,0,E,0,1,H
MedXpertQA_338,D,0,0,A,0,0,A
MedXpertQA_347,D,1,1,D,1,1,D
MedXpertQA_354,G,1,1,G,1,1,G
MedXpertQA_360,A,0,0,F,0,0,F
MedXpertQA_366,F,0,0,I,0,0,I
MedXpertQA_375,E,0,0,G,0,0,G
MedXpertQA_383,I,0,0,B,0,0,B
MedXpertQA_389,D,1,1,D,1,1,D
MedXpertQA_392,I,0,0,F,0,0,F
MedXpertQA_394,J,0,1,J,0,1,J
MedXpertQA_402,J,0,0,A,0,0,A
MedXpertQA_405,B,0,0,F,0,0,H
MedXpertQA_407,J,1,1,J,1,1,J
MedXpertQA_411,B,1,1,B,1,1,B
MedXpertQA_414,C,0,0,H,0,0,H
MedXpertQA_427,B,0,0,A,0,0,A
MedXpertQA_428,D,0,1,D,0,1,D
MedXpertQA_430,D,0,0,H,0,0,F
MedXpertQA_433,H,1,1,H,1,1,H
MedXpertQA_442,E,0,0,I,0,0,I
MedXpertQA_444,A,1,1,A,1,1,A
MedXpertQA_446,J,0,0,I,0,0,I
MedXpertQA_449,H,0,0,G,0,0,G
MedXpertQA_460,A,1,1,A,1,1,A
MedXpertQA_466,G,0,0,I,0,0,I
MedXpertQA_471,I,0,0,J,0,0,J
MedXpertQA_475,G,1,1,G,1,1,G
MedXpertQA_481,E,0,0,A,0,0,B
MedXpertQA_482,C,0,0,A,0,0,A
MedXpertQA_483,H,1,1,H,1,1,H
MedXpertQA_484,A,0,0,C,0,0,C
MedXpertQA_492,E,1,1,E,1,1,E
MedXpertQA_493,G,0,0,I,0,0,I
MedXpertQA_495,F,0,0,E,0,0,E
MedXpertQA_496,I,1,1,I,1,1,I
MedXpertQA_502,J,1,1,J,1,1,J
MedXpertQA_503,G,0,0,F,0,0,F
MedXpertQA_518,C,0,0,H,0,0,H
MedXpertQA_521,J,0,0,A,0,0,A
MedXpertQA_527,A,1,1,A,1,1,A
MedXpertQA_53,E,0,0,B,0,0,B
MedXpertQA_533,J,0,1,J,0,1,J
MedXpertQA_535,B,1,1,B,1,1,B
MedXpertQA_536,B,0,0,C,0,0,C
MedXpertQA_538,F,0,1,F,0,1,F
MedXpertQA_539,I,0,0,F,0,1,I
MedXpertQA_542,B,0,0,A,0,1,B
MedXpertQA_544,F,0,1,F,0,0,C
MedXpertQA_549,A,0,0,G,0,0,G
MedXpertQA_55,J,0,0,C,0,0,C
MedXpertQA_550,A,0,0,G,0,0,I
MedXpertQA_555,I,0,1,I,0,0,E
MedXpertQA_563,B,0,0,F,0,0,F
MedXpertQA_568,E,0,0,D,0,0,D
MedXpertQA_570,E,0,0,A,0,0,D
MedXpertQA_576,C,1,1,C,1,1,C
MedXpertQA_577,F,0,0,G,0,0,G
MedXpertQA_581,E,1,1,E,1,1,E
MedXpertQA_583,H,0,0,G,0,0,G
MedXpertQA_585,B,0,0,G,0,0,G
MedXpertQA_587,F,1,1,F,1,1,F
MedXpertQA_594,E,1,1,E,1,1,E
MedXpertQA_598,J,0,1,J,0,1,J
MedXpertQA_60,J,0,0,E,0,0,E
MedXpertQA_601,H,0,0,D,0,1,H
MedXpertQA_604,J,0,0,E,0,0,E
MedXpertQA_614,E,0,0,D,0,0,F
MedXpertQA_62,A,0,0,J,0,1,A
MedXpertQA_620,B,0,0,A,0,0,A
MedXpertQA_623,I,0,0,A,0,0,A
MedXpertQA_626,I,0,0,D,0,0,D
MedXpertQA_635,I,0,0,E,0,0,E
MedXpertQA_638,B,0,1,B,0,0,H
MedXpertQA_640,G,0,0,H,0,0,H
MedXpertQA_642,G,0,0,D,0,0,D
MedXpertQA_643,G,0,1,G,0,1,G
MedXpertQA_646,A,0,0,I,0,0,I
MedXpertQA_649,I,0,1,I,0,0,J
MedXpertQA_661,B,0,0,G,0,0,G
MedXpertQA_666,E,0,0,A,0,0,A
MedXpertQA_668,A,0,0,J,0,0,E
MedXpertQA_67,A,1,1,A,1,1,A
MedXpertQA_672,C,0,0,A,0,0,A
MedXpertQA_68,A,0,0,H,0,0,H
MedXpertQA_681,F,0,0,C,0,0,C
MedXpertQA_685,H,1,1,H,1,1,H
MedXpertQA_690,E,1,0,G,1,1,E
MedXpertQA_704,G,0,1,G,0,1,G
MedXpertQA_709,B,1,1,B,1,1,B
MedXpertQA_71,G,0,0,A,0,0,B
MedXpertQA_710,E,0,0,H,0,0,H
MedXpertQA_717,G,0,1,G,0,1,G
MedXpertQA_727,G,0,0,D,0,0,D
MedXpertQA_730,B,0,0,G,0,0,G
MedXpertQA_733,A,1,1,A,1,1,A
MedXpertQA_750,J,0,0,F,0,0,F
MedXpertQA_753,A,0,0,E,0,0,E
MedXpertQA_754,C,1,1,C,1,1,C
MedXpertQA_756,G,0,1,G,0,1,G
MedXpertQA_760,E,0,0,D,0,0,D
MedXpertQA_761,I,0,1,I,0,0,J
MedXpertQA_762,D,0,0,J,0,0,J
MedXpertQA_763,E,0,0,C,0,0,C
MedXpertQA_769,F,0,0,C,0,0,C
MedXpertQA_771,D,1,1,D,1,1,D
MedXpertQA_773,D,1,1,D,1,1,D
MedXpertQA_781,C,0,0,H,0,0,H
MedXpertQA_782,E,0,0,D,0,0,D
MedXpertQA_783,I,1,1,I,1,1,I
MedXpertQA_793,E,0,0,D,0,0,D
MedXpertQA_795,H,0,0,I,0,0,I
MedXpertQA_806,E,0,0,C,0,0,C
MedXpertQA_811,C,1,1,C,1,1,C
MedXpertQA_823,F,1,1,F,1,1,F
MedXpertQA_826,B,1,1,B,1,1,B
MedXpertQA_829,C,0,0,J,0,0,J
MedXpertQA_849,F,0,0,D,0,0,D
MedXpertQA_85,J,0,0,A,0,0,A
MedXpertQA_86,A,0,0,H,0,0,H
MedXpertQA_862,A,1,1,A,1,1,A
MedXpertQA_864,J,0,0,D,0,0,D
MedXpertQA_865,D,0,0,H,0,1,D
MedXpertQA_872,H,0,0,J,0,0,J
MedXpertQA_876,B,0,0,H,0,0,H
MedXpertQA_878,D,1,1,D,1,1,D
MedXpertQA_883,E,1,1,E,1,1,E
MedXpertQA_884,I,1,1,I,1,1,I
MedXpertQA_885,C,0,0,J,0,0,J
MedXpertQA_886,H,0,0,A,0,0,A
MedXpertQA_887,H,0,0,D,0,0,D
MedXpertQA_888,D,0,0,A,0,0,A
MedXpertQA_891,C,1,1,C,1,1,C
MedXpertQA_894,B,1,1,B,1,1,B
MedXpertQA_9,B,0,0,E,0,0,E
MedXpertQA_908,J,0,1,J,0,0,A
MedXpertQA_911,E,0,1,E,0,0,G
MedXpertQA_917,B,0,1,B,0,0,F
MedXpertQA_922,A,0,1,A,0,1,A
MedXpertQA_924,F,0,0,B,0,0,B
MedXpertQA_934,A,0,0,B,0,0,B
MedXpertQA_937,J,0,0,E,0,0,E
MedXpertQA_951,C,0,0,E,0,0,E
MedXpertQA_960,E,1,1,E,1,1,E
MedXpertQA_961,F,1,1,F,1,1,F
MedXpertQA_97,B,1,1,B,1,1,B
MedXpertQA_978,E,1,1,E,1,1,E
MedXpertQA_982,B,1,1,B,1,1,B
MedXpertQA_984,J,0,1,J,0,1,J
MedXpertQA_985,E,0,1,E,0,1,E
MedXpertQA_987,B,0,0,F,0,0,F
MedXpertQA_99,F,1,1,F,1,1,F
MedXpertQA_991,C,0,1,C,0,0,D
huatuo_1000,D,1,1,D,1,1,D
huatuo_1030,B,0,0,A,0,0,A
huatuo_1065,B,1,1,B,1,1,B
huatuo_1131,D,1,1,D,1,1,D
huatuo_1191,A,1,1,A,1,1,A
huatuo_1254,B,1,1,B,1,1,B
huatuo_1312,D,1,1,D,1,1,D
huatuo_1345,A,1,1,A,1,1,A
huatuo_1417,E,1,1,E,1,1,E
huatuo_1423,A,1,1,A,1,1,A
huatuo_1477,E,0,0,D,0,0,D
huatuo_1485,A,1,1,A,1,1,A
huatuo_1543,A,1,1,A,1,1,A
huatuo_1559,D,0,0,B,0,0,B
huatuo_1565,B,1,1,B,1,1,B
huatuo_1584,D,1,1,D,1,1,D
huatuo_1652,A,0,0,B,0,1,A
huatuo_1689,C,0,0,A,0,0,A
huatuo_1715,E,0,1,E,0,1,E
huatuo_1727,A,1,1,A,1,1,A
huatuo_1734,B,1,1,B,1,1,B
huatuo_1770,A,1,1,A,1,1,A
huatuo_1816,C,1,1,C,1,1,C
huatuo_1833,D,1,1,D,1,1,D
huatuo_1889,C,1,1,C,1,1,C
huatuo_4084,E,0,0,D,0,0,D
huatuo_4112,H,0,0,B,0,0,B
huatuo_4133,A,1,1,A,1,1,A
huatuo_4166,C,1,1,C,1,1,C
huatuo_4384,B,1,1,B,1,1,B
huatuo_4458,D,1,1,D,1,1,D
huatuo_4463,E,0,0,A,0,0,A
huatuo_4479,E,0,0,B,0,0,B
huatuo_4483,D,1,1,D,1,1,D
huatuo_4533,C,0,1,C,0,1,C
huatuo_4553,D,1,1,D,1,1,D
huatuo_4555,C,1,1,C,1,1,C
huatuo_4602,D,1,1,D,1,1,D
huatuo_4616,A,1,1,A,1,1,A
huatuo_4656,A,1,1,A,1,1,A
huatuo_4684,E,0,0,A,0,0,A
huatuo_4739,D,1,1,D,1,1,D
huatuo_4824,A,1,1,A,1,1,A
huatuo_4828,E,0,0,A,0,0,A
huatuo_4835,C,1,1,C,1,1,C
huatuo_4984,B,1,1,B,1,1,B
huatuo_5014,D,1,1,D,1,1,D
huatuo_5078,A,1,1,A,1,1,A
huatuo_5207,D,1,1,D,1,1,D
huatuo_5301,C,1,1,C,1,1,C
huatuo_5310,C,1,1,C,1,1,C
huatuo_5313,A,1,1,A,1,1,A
huatuo_5441,D,1,1,D,1,1,D
huatuo_5443,B,1,1,B,1,1,B
huatuo_5458,D,0,0,A,0,0,A
huatuo_5467,B,1,1,B,1,1,B
huatuo_5475,A,1,1,A,1,1,A
huatuo_5505,A,1,1,A,1,1,A
huatuo_5558,A,0,0,B,0,0,B
huatuo_5568,E,0,0,A,0,0,A
huatuo_5646,E,1,1,E,1,1,E
huatuo_5703,B,0,0,A,0,0,A
huatuo_5719,A,1,1,A,1,1,A
huatuo_5789,C,0,0,B,0,0,B
huatuo_5863,A,1,1,A,1,1,A
huatuo_5866,A,1,1,A,1,1,A
huatuo_5973,C,1,1,C,1,1,C
huatuo_6001,B,1,1,B,1,1,B
huatuo_7141,A,1,1,A,1,1,A
huatuo_7185,E,0,0,A,0,0,A
huatuo_7189,C,1,1,C,1,1,C
huatuo_7306,C,1,1,C,1,1,C
huatuo_7316,A,1,1,A,1,1,A
huatuo_7322,B,0,0,A,0,1,B
huatuo_7374,B,1,1,B,1,1,B
huatuo_7376,A,1,1,A,1,1,A
huatuo_7380,B,1,1,B,1,1,B
huatuo_7386,D,0,0,C,0,0,C
huatuo_7410,D,1,1,D,1,1,D
huatuo_7497,A,1,1,A,1,1,A
huatuo_7517,D,1,1,D,1,1,D
huatuo_7551,A,1,1,A,1,1,A
huatuo_7560,D,0,1,D,0,0,C
huatuo_7592,A,0,1,A,0,0,B
huatuo_7619,C,0,0,A,0,0,A
huatuo_7648,A,1,1,A,1,1,A
huatuo_7684,E,0,0,A,0,0,A
huatuo_7724,B,1,1,B,1,1,B
huatuo_7747,B,1,1,B,1,1,B
huatuo_7834,A,1,1,A,1,1,A
huatuo_7845,B,1,1,B,1,1,B
huatuo_7861,C,1,1,C,1,1,C
huatuo_7867,A,1,1,A,1,1,A
huatuo_7878,B,0,1,B,0,1,B
huatuo_7996,E,1,1,E,1,1,E
huatuo_8070,D,1,1,D,1,1,D
huatuo_8092,D,1,1,D,1,1,D
huatuo_8154,C,0,0,A,0,0,A
huatuo_8196,D,1,1,D,1,1,D
huatuo_8234,A,1,1,A,1,1,A
huatuo_8239,B,0,1,B,0,1,B
huatuo_8294,C,1,1,C,1,1,C
huatuo_8335,C,0,0,B,0,0,B
huatuo_8337,A,1,1,A,1,1,A
huatuo_8397,D,1,1,D,1,1,D
huatuo_8421,A,1,1,A,1,1,A
huatuo_8489,B,1,1,B,1,1,B
huatuo_8505,A,1,1,A,1,1,A
huatuo_8651,A,1,1,A,1,1,A
huatuo_8749,B,1,1,B,1,1,B
huatuo_8759,A,1,1,A,1,1,A
huatuo_8785,C,1,0,A,1,1,C
huatuo_8795,B,0,0,A,0,0,A
huatuo_8837,A,1,1,A,1,1,A
huatuo_8920,B,0,0,C,0,0,C
huatuo_8978,A,1,1,A,1,1,A
huatuo_8993,B,1,1,B,1,1,B
huatuo_9008,E,0,0,B,0,0,B
huatuo_9015,A,1,1,A,1,1,A
huatuo_9105,A,1,1,A,1,1,A
huatuo_9112,C,1,1,C,1,1,C
huatuo_9142,B,1,1,B,1,1,B
huatuo_9153,C,1,1,C,1,1,C
huatuo_9245,C,1,1,C,1,1,C
huatuo_9268,D,1,1,D,1,1,D
medmcqa_1012,C,1,1,C,1,1,C
medmcqa_1076,B,1,1,B,1,1,B
medmcqa_1129,A,1,1,A,1,1,A
medmcqa_1173,B,1,1,B,1,1,B
medmcqa_1292,B,1,1,B,1,1,B
medmcqa_1314,D,1,1,D,1,1,D
medmcqa_1399,B,1,1,B,1,1,B
medmcqa_1510,A,0,0,B,0,0,B
medmcqa_1596,B,0,0,D,0,0,D
medmcqa_1613,B,1,1,B,1,1,B
medmcqa_1674,A,1,1,A,1,1,A
medmcqa_1811,B,1,1,B,1,1,B
medmcqa_182,D,1,1,D,1,1,D
medmcqa_1836,D,1,1,D,1,1,D
medmcqa_191,B,1,1,B,1,1,B
medmcqa_1912,B,1,1,B,1,1,B
medmcqa_1971,A,1,1,A,1,1,A
medmcqa_2000,B,1,1,B,1,1,B
medmcqa_2026,A,1,1,A,1,1,A
medmcqa_2068,B,1,1,B,1,1,B
medmcqa_2145,C,1,1,C,1,1,C
medmcqa_2164,D,0,0,B,0,0,B
medmcqa_2193,B,1,1,B,1,1,B
medmcqa_2392,D,1,1,D,1,1,D
medmcqa_2400,B,1,1,B,1,1,B
medmcqa_2445,A,1,1,A,1,1,A
medmcqa_2524,B,1,1,B,1,1,B
medmcqa_2569,A,1,1,A,1,1,A
medmcqa_2575,C,1,0,A,1,1,C
medmcqa_2597,C,0,0,A,0,0,A
medmcqa_263,B,1,1,B,1,1,B
medmcqa_2676,C,1,1,C,1,1,C
medmcqa_2711,B,0,0,C,0,0,C
medmcqa_2724,D,1,1,D,1,1,D
medmcqa_2815,B,1,1,B,1,1,B
medmcqa_2820,A,0,0,C,0,0,D
medmcqa_2913,A,1,1,A,1,1,A
medmcqa_2933,C,1,1,C,1,1,C
medmcqa_3078,D,1,1,D,1,1,D
medmcqa_3140,B,1,1,B,1,1,B
medmcqa_3142,A,1,1,A,1,1,A
medmcqa_3204,D,1,1,D,1,1,D
medmcqa_3271,C,1,1,C,1,1,C
medmcqa_3277,C,1,1,C,1,1,C
medmcqa_3353,A,1,1,A,1,1,A
medmcqa_3459,A,0,1,A,0,1,A
medmcqa_3550,A,1,1,A,1,1,A
medmcqa_409,D,0,0,A,0,0,A
medmcqa_415,A,1,1,A,1,1,A
medmcqa_6576,B,1,1,B,1,1,B
medmcqa_6726,A,1,1,A,1,1,A
medmcqa_6730,A,1,1,A,1,0,B
medmcqa_6790,B,1,1,B,1,1,B
medmcqa_682,D,1,1,D,1,1,D
medmcqa_6916,A,0,0,B,0,0,B
medmcqa_6945,A,1,1,A,1,1,A
medmcqa_782,B,0,0,D,0,0,D
medmcqa_884,A,1,1,A,1,1,A
medmcqa_924,A,1,1,A,1,1,A
medmcqa_989,C,1,1,C,1,1,C
medqa_101,C,1,1,C,1,1,C
medqa_102,D,1,1,D,1,1,D
medqa_106,A,1,1,A,1,1,A
medqa_112,A,1,1,A,1,1,A
medqa_115,A,1,1,A,1,1,A
medqa_119,D,1,1,D,1,1,D
medqa_126,D,1,1,D,1,1,D
medqa_131,B,1,1,B,1,1,B
medqa_138,A,1,1,A,1,1,A
medqa_141,B,1,1,B,1,1,B
medqa_142,B,0,0,A,0,1,B
medqa_152,A,1,1,A,1,1,A
medqa_154,D,1,1,D,1,1,D
medqa_158,D,0,1,D,0,0,A
medqa_159,A,1,1,A,1,1,A
medqa_16,D,1,1,D,1,1,D
medqa_160,A,1,1,A,1,1,A
medqa_163,C,0,0,B,0,1,C
medqa_164,A,1,1,A,1,1,A
medqa_17,C,1,1,C,1,1,C
medqa_171,B,1,1,B,1,1,B
medqa_174,D,1,1,D,1,1,D
medqa_181,A,1,1,A,1,1,A
medqa_193,A,1,1,A,1,1,A
medqa_195,B,1,1,B,1,1,B
medqa_199,D,1,1,D,1,1,D
medqa_200,C,1,1,C,1,1,C
medqa_207,C,0,0,B,0,0,B
medqa_210,D,1,1,D,1,1,D
medqa_213,A,1,1,A,1,1,A
medqa_220,A,1,1,A,1,1,A
medqa_222,A,1,1,A,1,1,A
medqa_223,B,1,1,B,1,1,B
medqa_233,D,1,1,D,1,1,D
medqa_25,B,1,1,B,1,1,B
medqa_252,B,1,1,B,1,1,B
medqa_253,D,1,1,D,1,1,D
medqa_261,B,0,0,C,0,0,C
medqa_263,B,1,1,B,1,1,B
medqa_274,C,1,1,C,1,1,C
medqa_276,C,1,1,C,1,1,C
medqa_280,B,1,1,B,1,1,B
medqa_283,C,1,1,C,1,1,C
medqa_294,B,1,1,B,1,1,B
medqa_300,B,0,0,A,0,1,B
medqa_301,A,0,0,D,0,0,D
medqa_309,D,1,1,D,1,1,D
medqa_310,A,0,1,A,0,1,A
medqa_313,B,1,1,B,1,1,B
medqa_314,B,1,1,B,1,1,B
medqa_32,C,1,1,C,1,1,C
medqa_320,C,1,1,C,1,1,C
medqa_321,B,1,1,B,1,1,B
medqa_323,C,1,1,C,1,1,C
medqa_328,B,1,1,B,1,1,B
medqa_329,B,1,1,B,1,1,B
medqa_34,C,0,0,A,0,1,C
medqa_341,B,1,1,B,1,1,B
medqa_345,A,1,1,A,1,1,A
medqa_350,B,1,1,B,1,1,B
medqa_353,A,1,1,A,1,1,A
medqa_354,D,1,1,D,1,0,B
medqa_356,B,1,1,B,1,1,B
medqa_357,D,1,1,D,1,1,D
medqa_363,B,0,0,A,0,1,B
medqa_365,C,1,1,C,1,1,C
medqa_375,A,1,1,A,1,1,A
medqa_380,C,1,1,C,1,1,C
medqa_389,C,1,1,C,1,1,C
medqa_392,A,1,1,A,1,1,A
medqa_394,A,1,1,A,1,1,A
medqa_395,B,1,1,B,1,1,B
medqa_401,C,1,1,C,1,1,C
medqa_4040,A,1,1,A,1,1,A
medqa_4045,C,1,1,C,1,1,C
medqa_4046,D,0,0,B,0,0,B
medqa_4048,C,1,1,C,1,1,C
medqa_405,C,0,0,A,0,0,A
medqa_4051,B,0,0,A,0,0,A
medqa_4060,C,1,1,C,1,1,C
medqa_4071,B,0,0,A,0,0,A
medqa_4080,B,1,1,B,1,1,B
medqa_4082,C,0,0,B,0,0,B
medqa_4084,A,1,1,A,1,1,A
medqa_4089,B,1,1,B,1,1,B
medqa_4100,B,1,1,B,1,1,B
medqa_4103,C,1,1,C,1,1,C
medqa_4104,C,1,1,C,1,1,C
medqa_4107,B,1,1,B,1,1,B
medqa_4109,B,1,1,B,1,1,B
medqa_4112,A,1,1,A,1,1,A
medqa_4114,D,1,1,D,1,1,D
medqa_4115,D,1,1,D,1,1,D
medqa_4127,C,1,1,C,1,1,C
medqa_4128,A,1,1,A,1,1,A
medqa_4133,A,1,1,A,1,1,A
medqa_4134,C,1,1,C,1,1,C
medqa_4138,C,1,1,C,1,1,C
medqa_4141,B,1,1,B,1,1,B
medqa_4147,C,1,1,C,1,1,C
medqa_4157,C,0,0,A,0,0,A
medqa_4160,B,1,1,B,1,1,B
medqa_4163,D,1,1,D,1,1,D
medqa_4181,C,0,1,C,0,1,C
medqa_4189,C,1,1,C,1,1,C
medqa_4194,D,1,1,D,1,1,D
medqa_4198,D,1,1,D,1,1,D
medqa_4205,D,1,1,D,1,1,D
medqa_4210,D,0,0,C,0,0,C
medqa_4217,C,1,1,C,1,1,C
medqa_4219,A,1,1,A,1,1,A
medqa_4222,C,1,1,C,1,1,C
medqa_4235,D,1,1,D,1,1,D
medqa_424,C,1,1,C,1,1,C
medqa_4247,B,1,1,B,1,1,B
medqa_425,C,1,1,C,1,1,C
medqa_4250,B,1,1,B,1,1,B
medqa_4261,C,1,1,C,1,1,C
medqa_4262,C,1,1,C,1,1,C
medqa_4284,C,1,1,C,1,1,C
medqa_4287,D,0,0,C,0,1,D
medqa_4299,C,1,1,C,1,1,C
medqa_4314,C,1,1,C,1,1,C
medqa_4316,D,1,1,D,1,1,D
medqa_4319,B,1,1,B,1,1,B
medqa_4322,D,1,1,D,1,0,A
medqa_4324,B,1,1,B,1,1,B
medqa_4326,D,1,1,D,1,1,D
medqa_4329,C,1,1,C,1,1,C
medqa_4332,A,1,1,A,1,1,A
medqa_4333,D,1,1,D,1,1,D
medqa_4340,C,1,1,C,1,1,C
medqa_4348,C,1,1,C,1,1,C
medqa_4357,C,0,0,B,0,1,C
medqa_436,D,1,1,D,1,1,D
medqa_4367,C,1,1,C,1,1,C
medqa_4372,C,1,1,C,1,1,C
medqa_4378,C,1,1,C,1,1,C
medqa_439,C,1,1,C,1,1,C
medqa_4394,C,1,1,C,1,1,C
medqa_4398,C,1,1,C,1,1,C
medqa_4399,B,1,1,B,1,1,B
medqa_4406,A,1,1,A,1,1,A
medqa_441,C,1,1,C,1,1,C
medqa_4412,B,1,1,B,1,1,B
medqa_4416,D,1,1,D,1,1,D
medqa_4418,D,0,0,B,0,0,C
medqa_4425,C,1,1,C,1,0,A
medqa_4434,B,1,1,B,1,1,B
medqa_4437,D,1,1,D,1,1,D
medqa_444,A,1,1,A,1,1,A
medqa_4440,D,1,1,D,1,1,D
medqa_4465,B,1,1,B,1,1,B
medqa_447,A,1,1,A,1,1,A
medqa_4470,B,1,1,B,1,1,B
medqa_4475,B,1,1,B,1,1,B
medqa_4485,C,1,1,C,1,1,C
medqa_4502,A,0,0,B,0,0,B
medqa_4514,C,1,1,C,1,1,C
medqa_4515,A,1,1,A,1,1,A
medqa_4523,A,1,1,A,1,1,A
medqa_4524,C,1,1,C,1,1,C
medqa_4532,D,1,1,D,1,1,D
medqa_4539,A,0,0,C,0,0,C
medqa_4544,A,1,1,A,1,1,A
medqa_4548,C,1,1,C,1,1,C
medqa_4552,C,0,0,D,0,0,D
medqa_4563,D,1,1,D,1,1,D
medqa_4567,D,1,1,D,1,1,D
medqa_4570,C,1,1,C,1,1,C
medqa_4572,D,1,1,D,1,1,D
medqa_4575,A,1,1,A,1,1,A
medqa_458,A,1,1,A,1,1,A
medqa_4580,A,0,0,B,0,0,B
medqa_4587,C,1,1,C,1,1,C
medqa_4588,B,1,1,B,1,1,B
medqa_459,A,0,0,D,0,0,D
medqa_4604,B,1,1,B,1,1,B
medqa_4610,A,0,0,B,0,0,B
medqa_4611,B,1,1,B,1,1,B
medqa_4614,D,1,1,D,1,1,D
medqa_4635,B,1,1,B,1,1,B
medqa_4641,C,1,1,C,1,1,C
medqa_4646,B,1,1,B,1,1,B
medqa_4655,D,1,1,D,1,1,D
medqa_4660,D,1,1,D,1,1,D
medqa_4664,D,1,1,D,1,1,D
medqa_4677,C,1,1,C,1,1,C
medqa_469,D,1,1,D,1,1,D
medqa_4690,B,1,1,B,1,1,B
medqa_4693,A,1,1,A,1,1,A
medqa_4695,A,1,1,A,1,1,A
medqa_4697,C,0,0,D,0,0,D
medqa_470,B,1,1,B,1,1,B
medqa_4700,D,1,1,D,1,1,D
medqa_4705,C,1,1,C,1,1,C
medqa_4721,D,1,1,D,1,1,D
medqa_4733,D,0,0,A,0,0,A
medqa_4735,D,1,1,D,1,1,D
medqa_4738,C,1,1,C,1,1,C
medqa_4752,B,1,1,B,1,1,B
medqa_4756,D,1,1,D,1,1,D
medqa_4757,B,1,1,B,1,1,B
medqa_476,A,1,1,A,1,1,A
medqa_4768,C,1,1,C,1,1,C
medqa_4773,A,0,0,B,0,0,B
medqa_478,D,1,1,D,1,1,D
medqa_479,D,1,1,D,1,1,D
medqa_4790,D,1,1,D,1,1,D
medqa_4792,C,1,1,C,1,1,C
medqa_4795,B,1,1,B,1,1,B
medqa_4798,C,1,1,C,1,1,C
medqa_4801,D,1,1,D,1,1,D
medqa_4803,B,1,1,B,1,0,D
medqa_4804,B,1,1,B,1,1,B
medqa_4806,C,1,1,C,1,1,C
medqa_4807,A,0,0,B,0,0,B
medqa_4808,C,1,1,C,1,1,C
medqa_481,C,1,1,C,1,1,C
medqa_4812,D,1,1,D,1,1,D
medqa_4813,D,1,1,D,1,1,D
medqa_4814,B,0,0,C,0,0,C
medqa_4815,A,1,1,A,1,1,A
medqa_4827,C,0,1,C,0,1,C
medqa_4830,A,1,1,A,1,1,A
medqa_4831,D,1,1,D,1,1,D
medqa_4832,C,1,1,C,1,1,C
medqa_4833,D,1,1,D,1,1,D
medqa_484,B,1,1,B,1,1,B
medqa_4848,A,1,1,A,1,1,A
medqa_4849,A,1,1,A,1,1,A
medqa_485,B,1,1,B,1,1,B
medqa_4852,B,1,1,B,1,1,B
medqa_486,C,1,1,C,1,1,C
medqa_4861,A,0,0,D,0,0,D
medqa_4863,C,1,1,C,1,1,C
medqa_4869,C,1,1,C,1,1,C
medqa_4874,B,1,1,B,1,1,B
medqa_4875,B,1,1,B,1,1,B
medqa_4881,A,1,1,A,1,0,C
medqa_4908,A,1,1,A,1,1,A
medqa_4915,A,1,1,A,1,1,A
medqa_4917,A,0,1,A,0,0,B
medqa_492,A,1,1,A,1,1,A
medqa_4927,B,1,1,B,1,1,B
medqa_4928,A,1,1,A,1,1,A
medqa_4934,C,0,1,C,0,1,C
medqa_4937,B,1,1,B,1,1,B
medqa_4939,A,1,1,A,1,1,A
medqa_4940,D,1,1,D,1,1,D
medqa_4945,B,0,0,C,0,0,C
medqa_4947,C,0,0,B,0,1,C
medqa_4949,C,1,1,C,1,1,C
medqa_4956,D,1,1,D,1,1,D
medqa_4957,D,1,1,D,1,1,D
medqa_4958,D,1,1,D,1,1,D
medqa_4962,B,1,1,B,1,1,B
medqa_4967,D,0,0,A,0,0,A
medqa_4973,A,1,1,A,1,1,A
medqa_4974,C,1,1,C,1,1,C
medqa_4976,D,1,1,D,1,1,D
medqa_4978,B,1,1,B,1,1,B
medqa_4989,D,0,1,D,0,1,D
medqa_5,C,1,1,C,1,1,C
medqa_5006,C,1,1,C,1,1,C
medqa_5014,A,1,1,A,1,1,A
medqa_5020,A,1,1,A,1,1,A
medqa_5021,C,1,1,C,1,1,C
medqa_5029,B,1,1,B,1,1,B
medqa_5033,C,1,1,C,1,1,C
medqa_5037,B,1,1,B,1,1,B
medqa_5039,C,0,0,B,0,0,B
medqa_5040,A,1,1,A,1,1,A
medqa_5058,A,1,1,A,1,1,A
medqa_5061,C,1,1,C,1,1,C
medqa_5064,B,1,1,B,1,1,B
medqa_5068,D,0,0,B,0,0,B
medqa_5071,C,1,1,C,1,1,C
medqa_5079,D,1,1,D,1,1,D
medqa_508,D,0,1,D,0,1,D
medqa_5088,B,1,1,B,1,1,B
medqa_5091,C,1,1,C,1,1,C
medqa_5100,D,1,1,D,1,1,D
medqa_5119,C,1,1,C,1,1,C
medqa_5125,B,1,1,B,1,1,B
medqa_5129,C,1,1,C,1,1,C
medqa_5133,B,1,1,B,1,1,B
medqa_514,C,1,1,C,1,1,C
medqa_5142,B,1,1,B,1,1,B
medqa_5143,B,1,1,B,1,1,B
medqa_5146,D,0,0,A,0,0,A
medqa_5147,B,0,0,A,0,0,A
medqa_5159,D,1,1,D,1,1,D
medqa_516,B,1,1,B,1,1,B
medqa_5176,B,1,1,B,1,1,B
medqa_5193,D,0,0,B,0,0,B
medqa_5198,A,1,1,A,1,1,A
medqa_52,C,1,1,C,1,1,C
medqa_520,D,1,1,D,1,1,D
medqa_5210,A,1,1,A,1,1,A
medqa_5219,B,1,1,B,1,1,B
medqa_5220,A,1,1,A,1,1,A
medqa_5224,B,1,1,B,1,1,B
medqa_5227,D,1,1,D,1,1,D
medqa_5237,D,0,0,C,0,0,C
medqa_5238,B,1,1,B,1,1,B
medqa_524,A,1,1,A,1,1,A
medqa_5243,A,0,0,B,0,0,B
medqa_5246,C,1,1,C,1,1,C
medqa_5249,C,1,1,C,1,1,C
medqa_5251,B,1,1,B,1,1,B
medqa_5261,C,1,1,C,1,1,C
medqa_5263,B,1,1,B,1,1,B
medqa_5265,B,1,1,B,1,1,B
medqa_5268,D,0,0,A,0,1,D
medqa_527,B,1,1,B,1,1,B
medqa_5274,C,1,1,C,1,1,C
medqa_5275,B,1,1,B,1,1,B
medqa_5277,A,1,1,A,1,1,A
medqa_5279,C,1,1,C,1,1,C
medqa_5288,A,1,1,A,1,1,A
medqa_5289,D,1,1,D,1,1,D
medqa_5296,C,1,1,C,1,1,C
medqa_5307,A,1,1,A,1,1,A
medqa_5346,A,0,0,B,0,0,B
medqa_5351,C,1,1,C,1,1,C
medqa_5352,C,1,1,C,1,1,C
medqa_5356,C,1,1,C,1,1,C
medqa_5369,D,1,1,D,1,1,D
medqa_5389,B,1,1,B,1,1,B
medqa_5391,B,1,1,B,1,1,B
medqa_5392,D,0,1,D,0,0,A
medqa_54,D,1,1,D,1,1,D
medqa_5401,B,1,1,B,1,1,B
medqa_5402,D,1,1,D,1,1,D
medqa_5423,B,1,1,B,1,1,B
medqa_5427,A,0,0,D,0,1,A
medqa_5443,A,1,1,A,1,1,A
medqa_5446,A,0,0,B,0,0,B
medqa_5447,C,1,1,C,1,1,C
medqa_5461,C,1,1,C,1,1,C
medqa_5466,A,0,1,A,0,1,A
medqa_5467,B,1,1,B,1,1,B
medqa_5468,A,1,1,A,1,1,A
medqa_547,C,1,1,C,1,1,C
medqa_5471,D,0,1,D,0,1,D
medqa_5479,D,1,1,D,1,1,D
medqa_5483,C,1,1,C,1,1,C
medqa_5485,D,1,1,D,1,1,D
medqa_5486,A,1,1,A,1,1,A
medqa_5493,A,0,0,B,0,1,A
medqa_5508,B,1,1,B,1,1,B
medqa_5514,C,1,1,C,1,1,C
medqa_552,B,0,0,D,0,0,D
medqa_5524,D,1,1,D,1,1,D
medqa_5525,C,0,0,A,0,0,A
medqa_5535,B,0,0,C,0,0,C
medqa_554,C,1,1,C,1,1,C
medqa_5542,D,0,0,A,0,0,A
medqa_5556,B,1,1,B,1,1,B
medqa_5570,A,1,1,A,1,1,A
medqa_5577,B,1,1,B,1,1,B
medqa_5578,D,1,1,D,1,1,D
medqa_5586,C,0,1,C,0,1,C
medqa_5590,C,1,1,C,1,1,C
medqa_5591,D,1,1,D,1,1,D
medqa_5600,A,1,1,A,1,1,A
medqa_5601,A,1,1,A,1,1,A
medqa_5612,C,1,1,C,1,1,C
medqa_5613,C,0,1,C,0,1,C
medqa_5618,B,1,1,B,1,1,B
medqa_5622,D,1,1,D,1,1,D
medqa_5646,D,1,1,D,1,1,D
medqa_566,C,1,1,C,1,1,C
medqa_5664,A,0,1,A,0,1,A
medqa_5674,A,1,1,A,1,1,A
medqa_5675,A,1,1,A,1,1,A
medqa_5681,B,1,1,B,1,0,A
medqa_5689,D,1,1,D,1,1,D
medqa_569,C,1,1,C,1,1,C
medqa_5692,C,1,1,C,1,1,C
medqa_5696,A,1,1,A,1,1,A
medqa_573,C,1,1,C,1,1,C
medqa_5730,D,0,1,D,0,1,D
medqa_5749,B,1,1,B,1,1,B
medqa_5767,B,1,1,B,1,1,B
medqa_5773,A,1,1,A,1,1,A
medqa_5775,C,1,1,C,1,1,C
medqa_5780,C,1,1,C,1,1,C
medqa_5783,C,1,1,C,1,1,C
medqa_5785,C,1,1,C,1,1,C
medqa_5786,D,1,1,D,1,1,D
medqa_579,B,1,1,B,1,1,B
medqa_5796,A,1,1,A,1,1,A
medqa_5818,A,1,1,A,1,1,A
medqa_5822,D,1,1,D,1,1,D
medqa_5829,A,1,1,A,1,1,A
medqa_583,D,1,1,D,1,1,D
medqa_5831,B,1,1,B,1,1,B
medqa_5835,B,1,1,B,1,1,B
medqa_5837,B,1,1,B,1,1,B
medqa_5841,D,1,1,D,1,1,D
medqa_585,C,1,1,C,1,1,C
medqa_5851,A,1,1,A,1,1,A
medqa_5854,B,1,1,B,1,1,B
medqa_5859,B,1,1,B,1,1,B
medqa_586,B,1,1,B,1,1,B
medqa_5866,C,1,1,C,1,1,C
medqa_587,B,0,0,D,0,0,D
medqa_5874,D,1,1,D,1,1,D
medqa_5879,C,1,1,C,1,1,C
medqa_588,B,1,1,B,1,1,B
medqa_5882,D,1,1,D,1,1,D
medqa_5888,C,0,0,A,0,0,A
medqa_5892,B,1,1,B,1,1,B
medqa_5903,A,1,1,A,1,1,A
medqa_5905,A,1,1,A,1,1,A
medqa_5912,C,1,1,C,1,1,C
medqa_5916,D,1,1,D,1,1,D
medqa_592,D,1,1,D,1,1,D
medqa_5921,B,1,1,B,1,1,B
medqa_5926,B,0,1,B,0,1,B
medqa_5941,B,1,1,B,1,1,B
medqa_595,A,0,0,B,0,0,B
medqa_5959,C,1,1,C,1,1,C
medqa_596,B,1,1,B,1,1,B
medqa_5964,A,1,1,A,1,1,A
medqa_5973,C,0,0,D,0,0,D
medqa_5974,C,1,1,C,1,1,C
medqa_5992,C,1,1,C,1,1,C
medqa_5994,A,1,1,A,1,1,A
medqa_6009,B,0,1,B,0,1,B
medqa_6011,A,0,0,B,0,1,A
medqa_6014,D,1,1,D,1,1,D
medqa_6018,C,1,1,C,1,1,C
medqa_608,A,1,1,A,1,1,A
medqa_618,A,1,1,A,1,1,A
medqa_627,D,0,0,B,0,1,D
medqa_63,D,0,1,D,0,0,B
medqa_630,B,1,1,B,1,1,B
medqa_633,C,1,1,C,1,1,C
medqa_634,C,1,1,C,1,1,C
medqa_638,B,1,1,B,1,1,B
medqa_644,C,1,1,C,1,1,C
medqa_645,C,1,1,C,1,1,C
medqa_649,B,1,1,B,1,1,B
medqa_65,A,1,1,A,1,1,A
medqa_6513,C,1,1,C,1,1,C
medqa_652,B,1,1,B,1,1,B
medqa_6520,C,1,1,C,1,1,C
medqa_6527,A,1,1,A,1,1,A
medqa_6546,A,1,1,A,1,1,A
medqa_655,C,1,1,C,1,1,C
medqa_6554,B,1,1,B,1,1,B
medqa_6557,C,0,0,B,0,0,B
medqa_6561,D,0,0,B,0,0,B
medqa_6578,B,1,1,B,1,1,B
medqa_6579,A,1,1,A,1,1,A
medqa_6583,C,1,1,C,1,1,C
medqa_6587,C,1,1,C,1,1,C
medqa_6593,C,1,1,C,1,1,C
medqa_6602,A,1,1,A,1,1,A
medqa_6605,B,1,1,B,1,1,B
medqa_6608,A,0,0,D,0,1,A
medqa_661,A,1,1,A,1,1,A
medqa_6631,A,1,1,A,1,1,A
medqa_6636,A,1,1,A,1,1,A
medqa_6644,B,1,1,B,1,1,B
medqa_6647,A,1,1,A,1,1,A
medqa_6664,A,1,1,A,1,1,A
medqa_6673,D,1,1,D,1,1,D
medqa_6678,A,1,1,A,1,1,A
medqa_6687,D,1,1,D,1,1,D
medqa_6688,A,1,1,A,1,1,A
medqa_669,C,0,0,B,0,0,A
medqa_6692,A,1,1,A,1,1,A
medqa_6710,A,0,1,A,0,1,A
medqa_6718,B,1,1,B,1,1,B
medqa_6719,D,0,0,B,0,1,D
medqa_6727,D,0,1,D,0,1,D
medqa_6729,D,1,1,D,1,1,D
medqa_6734,A,1,1,A,1,1,A
medqa_6735,B,1,1,B,1,1,B
medqa_676,D,1,1,D,1,1,D
medqa_677,D,1,1,D,1,1,D
medqa_6869,C,1,1,C,1,1,C
medqa_687,C,1,1,C,1,0,B
medqa_6872,A,1,1,A,1,1,A
medqa_688,B,1,1,B,1,1,B
medqa_6883,C,1,1,C,1,1,C
medqa_6887,D,1,1,D,1,1,D
medqa_6890,D,1,1,D,1,1,D
medqa_690,D,0,1,D,0,0,B
medqa_6902,C,0,0,A,0,1,C
medqa_6905,B,1,1,B,1,1,B
medqa_6908,A,1,1,A,1,1,A
medqa_6910,D,0,0,C,0,0,C
medqa_6912,D,1,1,D,1,1,D
medqa_6915,A,1,1,A,1,1,A
medqa_6920,B,0,0,C,0,0,C
medqa_6922,A,1,1,A,1,1,A
medqa_6937,C,1,1,C,1,1,C
medqa_6940,C,1,1,C,1,1,C
medqa_6941,B,1,1,B,1,0,D
medqa_6947,D,1,1,D,1,1,D
medqa_6953,D,0,1,D,0,1,D
medqa_6954,C,0,1,C,0,1,C
medqa_6955,A,1,1,A,1,1,A
medqa_6958,C,1,1,C,1,1,C
medqa_6962,C,1,1,C,1,1,C
medqa_6976,A,1,1,A,1,1,A
medqa_6977,B,1,1,B,1,1,B
medqa_6978,C,1,1,C,1,1,C
medqa_6980,A,1,1,A,1,1,A
medqa_6981,A,1,1,A,1,1,A
medqa_699,C,1,1,C,1,1,C
medqa_6999,D,1,1,D,1,1,D
medqa_7000,A,0,0,C,0,0,C
medqa_7005,B,1,1,B,1,1,B
medqa_7016,B,1,1,B,1,0,A
medqa_7036,D,1,1,D,1,1,D
medqa_7043,D,0,1,D,0,1,D
medqa_7044,A,0,0,B,0,1,A
medqa_7053,D,0,1,D,0,1,D
medqa_7078,D,1,1,D,1,1,D
medqa_7087,A,1,1,A,1,1,A
medqa_7098,D,1,1,D,1,1,D
medqa_7103,B,1,1,B,1,1,B
medqa_7109,B,1,1,B,1,1,B
medqa_7114,A,1,1,A,1,1,A
medqa_7124,D,1,1,D,1,1,D
medqa_7126,D,1,1,D,1,1,D
medqa_7131,A,1,1,A,1,1,A
medqa_7134,B,1,1,B,1,1,B
medqa_7144,A,1,1,A,1,1,A
medqa_7154,A,0,0,C,0,0,C
medqa_7172,A,1,1,A,1,1,A
medqa_7174,C,1,1,C,1,1,C
medqa_7182,D,0,0,A,0,0,A
medqa_7186,D,1,1,D,1,1,D
medqa_7187,D,1,0,A,1,1,D
medqa_719,D,1,1,D,1,1,D
medqa_7190,A,0,0,B,0,0,B
medqa_7192,D,1,1,D,1,1,D
medqa_7197,D,1,1,D,1,1,D
medqa_7201,D,1,1,D,1,1,D
medqa_7203,C,1,1,C,1,1,C
medqa_7204,D,1,1,D,1,1,D
medqa_7211,A,1,1,A,1,1,A
medqa_722,A,1,1,A,1,1,A
medqa_7227,B,0,0,C,0,0,C
medqa_7228,B,1,1,B,1,1,B
medqa_724,A,1,1,A,1,1,A
medqa_7241,C,1,1,C,1,1,C
medqa_7246,B,1,1,B,1,1,B
medqa_7249,A,1,1,A,1,1,A
medqa_725,C,1,1,C,1,1,C
medqa_7252,A,1,1,A,1,1,A
medqa_7253,D,1,1,D,1,1,D
medqa_7254,C,1,1,C,1,1,C
medqa_7256,C,1,1,C,1,1,C
medqa_7258,D,1,1,D,1,1,D
medqa_7259,D,1,1,D,1,1,D
medqa_7267,B,1,1,B,1,1,B
medqa_7268,B,1,1,B,1,1,B
medqa_7274,B,1,1,B,1,1,B
medqa_7276,C,0,1,C,0,1,C
medqa_7279,A,1,1,A,1,1,A
medqa_7282,C,0,0,D,0,0,D
medqa_7283,C,1,1,C,1,1,C
medqa_7287,A,1,1,A,1,1,A
medqa_7292,D,0,0,C,0,0,C
medqa_7293,A,1,1,A,1,1,A
medqa_7296,C,1,1,C,1,1,C
medqa_7298,C,1,1,C,1,1,C
medqa_730,A,1,1,A,1,1,A
medqa_7308,A,1,1,A,1,1,A
medqa_7313,D,0,0,A,0,0,A
medqa_7328,C,1,1,C,1,1,C
medqa_7331,C,0,1,C,0,1,C
medqa_7340,C,1,1,C,1,1,C
medqa_7352,B,1,1,B,1,1,B
medqa_7357,B,1,1,B,1,1,B
medqa_7375,D,1,1,D,1,1,D
medqa_7378,A,0,0,C,0,0,C
medqa_738,A,1,1,A,1,1,A
medqa_7383,B,1,1,B,1,1,B
medqa_7385,A,1,1,A,1,1,A
medqa_7392,A,1,1,A,1,1,A
medqa_7402,B,0,1,B,0,1,B
medqa_7404,D,1,1,D,1,1,D
medqa_7405,C,1,1,C,1,1,C
medqa_7408,D,1,1,D,1,1,D
medqa_7410,D,1,1,D,1,1,D
medqa_7416,A,1,1,A,1,1,A
medqa_7418,A,1,1,A,1,1,A
medqa_7421,C,1,1,C,1,1,C
medqa_7429,A,1,1,A,1,1,A
medqa_743,D,1,1,D,1,1,D
medqa_7434,A,1,1,A,1,1,A
medqa_7442,A,0,0,C,0,0,C
medqa_7443,A,1,1,A,1,1,A
medqa_7445,D,1,1,D,1,1,D
medqa_7447,D,0,0,A,0,1,D
medqa_7449,D,0,1,D,0,1,D
medqa_7457,A,1,1,A,1,1,A
medqa_7458,C,1,1,C,1,1,C
medqa_7459,D,1,1,D,1,1,D
medqa_746,B,1,1,B,1,1,B
medqa_7466,C,1,1,C,1,1,C
medqa_7467,D,1,1,D,1,1,D
medqa_747,D,1,1,D,1,1,D
medqa_7473,B,1,1,B,1,1,B
medqa_7478,D,1,1,D,1,1,D
medqa_7483,A,1,1,A,1,1,A
medqa_7484,D,0,0,A,0,0,A
medqa_7487,C,1,1,C,1,1,C
medqa_7492,D,1,1,D,1,1,D
medqa_75,B,0,0,A,0,0,A
medqa_7514,C,1,1,C,1,1,C
medqa_7515,B,1,1,B,1,1,B
medqa_7516,B,1,1,B,1,1,B
medqa_7518,D,1,1,D,1,1,D
medqa_7519,A,1,1,A,1,1,A
medqa_7520,B,0,0,A,0,0,A
medqa_7522,C,1,1,C,1,1,C
medqa_7533,A,0,0,C,0,0,C
medqa_7535,B,1,1,B,1,1,B
medqa_7536,C,1,1,C,1,1,C
medqa_7541,B,0,1,B,0,1,B
medqa_7555,B,0,1,B,0,1,B
medqa_7559,D,1,1,D,1,1,D
medqa_7560,B,1,1,B,1,1,B
medqa_7561,A,0,1,A,0,0,D
medqa_7564,D,1,1,D,1,1,D
medqa_7565,B,1,1,B,1,1,B
medqa_7566,D,1,1,D,1,1,D
medqa_7569,A,0,0,B,0,0,B
medqa_7572,A,1,1,A,1,1,A
medqa_758,A,1,1,A,1,1,A
medqa_768,B,1,1,B,1,1,B
medqa_783,C,1,1,C,1,1,C
medqa_784,D,1,1,D,1,1,D
medqa_785,A,1,1,A,1,1,A
medqa_786,D,1,1,D,1,1,D
medqa_788,D,0,0,C,0,0,C
medqa_79,A,1,1,A,1,1,A
medqa_792,D,1,1,D,1,1,D
medqa_793,C,1,1,C,1,1,C
medqa_794,C,1,1,C,1,1,C
medqa_795,D,0,0,A,0,0,A
medqa_8,D,1,1,D,1,1,D
medqa_80,B,1,1,B,1,1,B
medqa_805,A,1,1,A,1,1,A
medqa_806,B,1,1,B,1,1,B
medqa_811,A,1,1,A,1,1,A
medqa_819,A,1,1,A,1,1,A
medqa_825,B,1,1,B,1,1,B
medqa_828,C,1,1,C,1,1,C
medqa_83,C,1,1,C,1,1,C
medqa_833,C,1,1,C,1,1,C
medqa_834,C,1,1,C,1,1,C
medqa_838,A,1,1,A,1,1,A
medqa_842,C,0,0,D,0,0,D
medqa_848,D,0,0,A,0,0,B
medqa_850,B,1,1,B,1,1,B
medqa_854,C,1,1,C,1,1,C
medqa_857,D,1,1,D,1,1,D
medqa_86,D,1,1,D,1,1,D
medqa_868,A,1,1,A,1,1,A
medqa_872,C,1,1,C,1,1,C
medqa_874,B,1,1,B,1,1,B
medqa_875,D,1,1,D,1,1,D
medqa_884,D,1,1,D,1,1,D
medqa_89,A,0,0,B,0,0,B
medqa_891,D,1,1,D,1,1,D
medqa_893,B,1,1,B,1,1,B
medqa_90,A,1,1,A,1,1,A
medqa_900,A,1,1,A,1,1,A
medqa_901,A,1,1,A,1,1,A
medqa_905,C,1,1,C,1,1,C
medqa_91,D,1,1,D,1,1,D
medqa_910,C,1,1,C,1,1,C
medqa_912,C,0,0,B,0,0,B
medqa_917,B,1,1,B,1,1,B
medqa_929,C,1,1,C,1,1,C
medqa_93,A,1,1,A,1,1,A
medqa_931,D,1,1,D,1,1,D
medqa_936,A,1,1,A,1,1,A
medqa_941,A,1,1,A,1,1,A
medqa_946,A,1,1,A,1,1,A
medqa_954,A,0,1,A,0,1,A
medqa_955,A,1,1,A,1,1,A
medqa_960,C,0,1,C,0,1,C
medqa_978,C,1,1,C,1,0,B
medqa_980,C,1,1,C,1,1,C
medqa_986,C,1,1,C,1,1,C
medqa_988,C,1,1,C,1,1,C
medqa_995,A,1,1,A,1,1,A
medqa_996,B,0,0,A,0,0,A
pubmedqa_108,A,1,1,A,1,1,A
pubmedqa_381,A,1,1,A,1,1,A
pubmedqa_81,A,1,1,A,1,0,B
pubmedqa_896,B,1,1,B,1,1,B
pubmedqa_99,A,1,1,A,1,1,A
pubmedqa_artificial_1055,A,1,1,A,1,1,A
pubmedqa_artificial_1252,A,0,0,B,0,0,B
pubmedqa_artificial_1441,A,1,1,A,1,1,A
pubmedqa_artificial_1486,A,1,1,A,1,1,A
pubmedqa_artificial_1489,B,0,0,A,0,0,A
pubmedqa_artificial_1635,A,1,0,B,1,0,B
pubmedqa_artificial_1724,A,1,1,A,1,1,A
pubmedqa_artificial_1761,A,0,0,B,0,0,B
pubmedqa_artificial_1879,A,1,1,A,1,1,A
pubmedqa_artificial_1899,A,1,1,A,1,1,A
pubmedqa_artificial_2013,A,1,1,A,1,1,A
pubmedqa_artificial_2073,A,0,0,B,0,0,B
pubmedqa_artificial_2429,A,1,1,A,1,1,A
pubmedqa_artificial_2754,A,1,1,A,1,1,A
pubmedqa_artificial_2842,A,1,1,A,1,1,A
pubmedqa_artificial_3252,A,1,1,A,1,1,A
pubmedqa_artificial_3462,A,0,0,B,0,0,B
pubmedqa_artificial_3879,A,0,0,B,0,0,B
pubmedqa_artificial_4057,A,1,1,A,1,1,A
pubmedqa_artificial_4118,A,1,1,A,1,1,A
pubmedqa_artificial_4120,A,1,1,A,1,1,A
pubmedqa_artificial_4145,A,0,1,A,0,0,B
pubmedqa_artificial_4367,A,1,1,A,1,1,A
pubmedqa_artificial_4781,B,1,1,B,1,1,B
pubmedqa_artificial_4922,B,1,1,B,1,1,B
pubmedqa_artificial_5056,A,1,1,A,1,1,A
pubmedqa_artificial_5252,A,1,1,A,1,1,A
pubmedqa_artificial_5397,B,1,1,B,1,1,B
pubmedqa_artificial_5493,A,1,1,A,1,1,A
pubmedqa_artificial_5932,A,0,0,B,0,0,B
pubmedqa_artificial_6621,A,1,1,A,1,1,A
pubmedqa_artificial_6967,A,0,0,B,0,0,B
pubmedqa_artificial_7165,A,0,0,B,0,0,B
pubmedqa_artificial_7338,A,1,1,A,1,1,A
pubmedqa_artificial_7380,A,0,0,B,0,0,B
pubmedqa_artificial_7793,A,1,1,A,1,1,A
pubmedqa_artificial_7830,A,1,1,A,1,1,A
pubmedqa_artificial_7886,A,1,1,A,1,1,A
pubmedqa_artificial_8246,A,0,0,B,0,0,B
pubmedqa_artificial_8255,A,1,1,A,1,1,A
pubmedqa_artificial_9006,A,0,0,B,0,0,B
pubmedqa_artificial_9286,A,1,1,A,1,1,A
pubmedqa_artificial_9303,A,1,1,A,1,1,A
pubmedqa_artificial_9359,A,1,1,A,1,1,A
pubmedqa_artificial_9368,A,1,1,A,1,1,A
pubmedqa_unlabeled_1696,A,1,1,A,1,1,A
pubmedqa_unlabeled_3900,B,1,1,B,1,1,B
pubmedqa_unlabeled_4690,B,0,0,A,0,0,A
pubmedqa_unlabeled_8021,A,1,1,A,1,1,A
qa_1000,B,1,1,B,1,1,B
qa_1002,D,1,1,D,1,1,D
qa_10043,A,0,0,B,0,0,B
qa_1006,C,1,1,C,1,1,C
qa_1007,A,1,1,A,1,1,A
qa_1009,A,1,1,A,1,1,A
qa_10094,A,1,1,A,1,1,A
qa_1012,B,0,0,D,0,0,D
qa_1015,B,1,1,B,1,1,B
qa_1016,C,1,1,C,1,1,C
qa_1018,B,1,1,B,1,1,B
qa_1027,D,1,1,D,1,1,D
qa_103,C,1,1,C,1,1,C
qa_1036,A,1,1,A,1,1,A
qa_1037,D,1,1,D,1,1,D
qa_1038,D,0,0,B,0,0,B
qa_1040,C,0,1,C,0,1,C
qa_1044,C,1,1,C,1,1,C
qa_1046,C,1,1,C,1,1,C
qa_1047,B,0,1,B,0,0,C
qa_1048,A,1,1,A,1,1,A
qa_10522,A,0,0,B,0,0,B
qa_1053,C,1,1,C,1,1,C
qa_1061,A,1,1,A,1,1,A
qa_1064,A,1,1,A,1,1,A
qa_1066,C,0,1,C,0,1,C
qa_1068,A,1,1,A,1,1,A
qa_1074,C,1,1,C,1,1,C
qa_1085,A,1,1,A,1,1,A
qa_1087,A,1,1,A,1,1,A
qa_1094,B,1,1,B,1,1,B
qa_1095,A,0,0,D,0,0,D
qa_1096,B,1,1,B,1,1,B
qa_1105,C,1,1,C,1,1,C
qa_1107,B,1,1,B,1,1,B
qa_1108,A,1,1,A,1,1,A
qa_1125,C,1,1,C,1,1,C
qa_1131,B,1,1,B,1,1,B
qa_1134,D,0,1,D,0,1,D
qa_1135,A,1,1,A,1,1,A
qa_11449,A,0,0,B,0,1,A
qa_1147,A,1,1,A,1,1,A
qa_1149,D,1,1,D,1,1,D
qa_1151,C,1,1,C,1,1,C
qa_1155,B,1,1,B,1,1,B
qa_1156,A,1,1,A,1,1,A
qa_1163,A,1,1,A,1,1,A
qa_1170,D,1,1,D,1,1,D
qa_1172,D,0,0,C,0,0,C
qa_1174,A,1,1,A,1,1,A
qa_1175,B,1,1,B,1,1,B
qa_1177,C,0,0,B,0,0,B
qa_1190,A,1,1,A,1,1,A
qa_1196,B,1,1,B,1,1,B
qa_1202,B,1,1,B,1,1,B
qa_1203,A,1,1,A,1,1,A
qa_1206,C,1,1,C,1,0,D
qa_1208,B,1,1,B,1,1,B
qa_1209,D,0,1,D,0,1,D
qa_1210,B,1,1,B,1,1,B
qa_1215,B,1,1,B,1,1,B
qa_1216,D,0,1,D,0,1,D
qa_1218,A,1,1,A,1,1,A
qa_1227,A,1,1,A,1,1,A
qa_1229,A,1,1,A,1,1,A
qa_1230,C,1,1,C,1,1,C
qa_1254,D,1,1,D,1,1,D
qa_1257,B,1,1,B,1,1,B
qa_1262,B,1,1,B,1,1,B
qa_1267,B,0,1,B,0,1,B
qa_1269,C,1,1,C,1,1,C
qa_1277,D,1,1,D,1,1,D
qa_1286,B,0,1,B,0,1,B
qa_1287,B,1,1,B,1,1,B
qa_1290,B,1,1,B,1,1,B
qa_1291,D,1,1,D,1,1,D
qa_1294,A,1,1,A,1,1,A
qa_1295,A,0,1,A,0,1,A
qa_1300,B,1,1,B,1,1,B
qa_1305,B,1,1,B,1,1,B
qa_131,D,1,1,D,1,1,D
qa_1310,A,1,1,A,1,1,A
qa_1312,B,1,1,B,1,1,B
qa_1314,A,1,1,A,1,1,A
qa_1316,D,1,1,D,1,1,D
qa_1323,D,1,1,D,1,1,D
qa_1326,B,1,1,B,1,1,B
qa_1334,B,1,1,B,1,1,B
qa_1335,C,1,1,C,1,1,C
qa_1336,A,1,1,A,1,1,A
qa_1338,A,1,1,A,1,1,A
qa_1340,D,1,1,D,1,1,D
qa_13428,B,0,0,A,0,0,A
qa_1344,B,1,1,B,1,1,B
qa_1358,A,1,1,A,1,1,A
qa_1361,A,0,0,B,0,0,B
qa_1363,A,1,1,A,1,1,A
qa_1368,C,1,1,C,1,1,C
qa_1379,A,0,0,C,0,0,C
qa_1394,D,0,1,D,0,1,D
qa_1396,D,1,1,D,1,1,D
qa_1404,C,1,1,C,1,1,C
qa_1407,B,1,1,B,1,1,B
qa_1409,B,1,1,B,1,1,B
qa_1415,C,1,1,C,1,1,C
qa_1419,B,0,1,B,0,1,B
qa_1420,C,1,1,C,1,1,C
qa_1422,D,0,0,C,0,0,C
qa_1424,B,1,1,B,1,1,B
qa_1426,B,0,0,C,0,0,C
qa_1428,A,1,1,A,1,1,A
qa_1438,C,1,1,C,1,1,C
qa_1443,D,1,1,D,1,1,D
qa_1444,C,1,1,C,1,1,C
qa_1445,B,0,0,D,0,0,D
qa_1450,C,0,0,A,0,0,A
qa_1455,B,1,1,B,1,1,B
qa_1461,A,1,1,A,1,1,A
qa_1467,A,1,1,A,1,1,A
qa_1470,A,1,1,A,1,1,A
qa_1471,A,0,0,D,0,0,D
qa_1472,D,1,1,D,1,1,D
qa_1477,B,0,0,D,0,0,D
qa_1479,A,1,1,A,1,1,A
qa_1482,D,1,1,D,1,1,D
qa_1483,A,1,0,B,1,1,A
qa_1492,A,1,1,A,1,1,A
qa_1493,C,1,1,C,1,1,C
qa_1494,B,1,1,B,1,1,B
qa_150,C,1,1,C,1,1,C
qa_1500,B,1,1,B,1,1,B
qa_1504,A,1,1,A,1,1,A
qa_1505,C,0,0,D,0,1,C
qa_1511,A,1,1,A,1,1,A
qa_1512,B,1,1,B,1,1,B
qa_1515,C,1,1,C,1,1,C
qa_1523,B,0,1,B,0,1,B
qa_1524,D,1,1,D,1,1,D
qa_1529,B,1,1,B,1,1,B
qa_1532,C,1,1,C,1,1,C
qa_1536,A,1,1,A,1,1,A
qa_1540,B,1,1,B,1,1,B
qa_1548,A,1,1,A,1,1,A
qa_1554,A,0,0,C,0,1,A
qa_1555,D,1,1,D,1,1,D
qa_1558,A,1,1,A,1,0,D
qa_1566,B,0,0,C,0,0,C
qa_1569,B,1,1,B,1,1,B
qa_1578,A,1,1,A,1,1,A
qa_1580,A,1,1,A,1,1,A
qa_1581,A,1,1,A,1,1,A
qa_1582,A,1,1,A,1,1,A
qa_1588,A,1,1,A,1,1,A
qa_1589,B,1,1,B,1,1,B
qa_1592,A,1,1,A,1,1,A
qa_1598,A,0,1,A,0,1,A
qa_1602,C,0,0,B,0,0,B
qa_1605,C,1,1,C,1,1,C
qa_1610,B,1,1,B,1,1,B
qa_1612,A,1,1,A,1,1,A
qa_1614,B,0,0,C,0,0,C
qa_1619,C,0,0,A,0,1,C
qa_1624,E,0,0,A,0,0,A
qa_1627,B,1,1,B,1,1,B
qa_1632,A,1,1,A,1,1,A
qa_1636,A,0,0,B,0,0,B
qa_1640,A,1,1,A,1,1,A
qa_1641,B,1,1,B,1,1,B
qa_1642,B,1,1,B,1,1,B
qa_1645,A,1,1,A,1,1,A
qa_1651,D,1,1,D,1,1,D
qa_1657,B,1,1,B,1,1,B
qa_1658,C,1,1,C,1,1,C
qa_1663,D,1,1,D,1,1,D
qa_1673,D,1,1,D,1,1,D
qa_1684,B,0,1,B,0,1,B
qa_1696,C,1,1,C,1,1,C
qa_1710,A,1,1,A,1,1,A
qa_1712,C,1,1,C,1,1,C
qa_1722,D,1,1,D,1,1,D
qa_1726,B,0,0,A,0,0,A
qa_1730,B,1,1,B,1,1,B
qa_1734,C,0,0,A,0,1,C
qa_1737,A,1,1,A,1,1,A
qa_1738,D,1,1,D,1,1,D
qa_1747,A,1,1,A,1,1,A
qa_1749,C,1,1,C,1,1,C
qa_1753,C,1,1,C,1,1,C
qa_1756,D,1,1,D,1,1,D
qa_1760,A,1,1,A,1,1,A
qa_1768,C,1,1,C,1,1,C
qa_1770,C,1,1,C,1,1,C
qa_1774,A,1,1,A,1,1,A
qa_1779,B,1,1,B,1,1,B
qa_1781,B,0,1,B,0,1,B
qa_1788,B,0,0,A,0,0,A
qa_1794,D,1,1,D,1,1,D
qa_1795,B,0,0,C,0,0,C
qa_1804,B,1,1,B,1,1,B
qa_1811,C,1,1,C,1,1,C
qa_1819,C,1,1,C,1,1,C
qa_1823,B,1,1,B,1,1,B
qa_1825,C,1,1,C,1,1,C
qa_1831,B,1,1,B,1,1,B
qa_1832,D,1,1,D,1,1,D
qa_1839,D,1,1,D,1,1,D
qa_1847,A,1,1,A,1,1,A
qa_1850,A,1,1,A,1,1,A
qa_1852,C,1,1,C,1,1,C
qa_1853,B,1,1,B,1,1,B
qa_1858,D,1,1,D,1,1,D
qa_1859,A,0,0,D,0,0,D
qa_1861,D,0,1,D,0,1,D
qa_187,D,0,0,A,0,0,A
qa_1873,A,1,1,A,1,1,A
qa_1878,C,0,1,C,0,1,C
qa_1881,C,1,1,C,1,1,C
qa_1889,D,1,1,D,1,1,D
qa_189,A,1,1,A,1,1,A
qa_1891,A,1,1,A,1,1,A
qa_1894,D,1,1,D,1,1,D
qa_1898,A,1,1,A,1,1,A
qa_1899,B,1,1,B,1,1,B
qa_1900,C,1,1,C,1,1,C
qa_1910,B,1,1,B,1,1,B
qa_1911,C,1,1,C,1,1,C
qa_1912,B,1,1,B,1,1,B
qa_1923,B,1,1,B,1,1,B
qa_1929,A,1,1,A,1,1,A
qa_1936,B,1,1,B,1,1,B
qa_1938,A,1,1,A,1,1,A
qa_1939,B,1,1,B,1,1,B
qa_1950,B,1,1,B,1,1,B
qa_1951,A,0,1,A,0,1,A
qa_1952,D,1,1,D,1,1,D
qa_1955,D,1,1,D,1,1,D
qa_1960,C,1,1,C,1,1,C
qa_1970,D,1,1,D,1,1,D
qa_1979,D,0,1,D,0,0,A
qa_1981,D,1,1,D,1,0,B
qa_1985,C,1,1,C,1,1,C
qa_1991,B,1,1,B,1,1,B
qa_1994,B,0,0,A,0,0,A
qa_1996,A,1,1,A,1,1,A
qa_2000,C,0,0,A,0,0,A
qa_2005,E,0,0,B,0,0,B
qa_2010,A,1,1,A,1,1,A
qa_2020,C,1,1,C,1,1,C
qa_2027,B,0,1,B,0,1,B
qa_2028,D,1,1,D,1,1,D
qa_2034,B,1,1,B,1,1,B
qa_2040,A,1,1,A,1,1,A
qa_2046,C,0,0,D,0,0,D
qa_2049,C,1,1,C,1,1,C
qa_2057,B,1,1,B,1,1,B
qa_2060,B,1,1,B,1,1,B
qa_2061,C,1,1,C,1,1,C
qa_2064,B,0,1,B,0,1,B
qa_2066,A,1,1,A,1,1,A
qa_2073,D,1,1,D,1,1,D
qa_2074,C,0,1,C,0,1,C
qa_2079,D,1,1,D,1,1,D
qa_2081,C,0,0,D,0,0,D
qa_2084,D,1,1,D,1,1,D
qa_2085,A,1,1,A,1,1,A
qa_2090,C,1,1,C,1,1,C
qa_2091,A,1,1,A,1,1,A
qa_2092,B,0,0,A,0,1,B
qa_2094,D,0,1,D,0,1,D
qa_2095,D,0,1,D,0,1,D
qa_2096,A,0,0,C,0,1,A
qa_2097,A,1,1,A,1,1,A
qa_2100,C,0,0,A,0,1,C
qa_2101,C,1,1,C,1,1,C
qa_2106,D,1,1,D,1,1,D
qa_2112,B,1,1,B,1,1,B
qa_2115,C,1,1,C,1,1,C
qa_2118,A,1,1,A,1,1,A
qa_212,A,1,1,A,1,1,A
qa_2123,D,1,1,D,1,1,D
qa_2124,B,1,1,B,1,1,B
qa_2126,D,1,1,D,1,1,D
qa_2131,A,1,1,A,1,1,A
qa_2133,B,1,1,B,1,1,B
qa_2134,D,1,1,D,1,1,D
qa_2135,A,1,1,A,1,1,A
qa_2136,A,1,1,A,1,1,A
qa_2140,C,0,1,C,0,0,D
qa_2142,D,0,1,D,0,1,D
qa_2145,C,1,1,C,1,1,C
qa_2146,C,1,1,C,1,1,C
qa_2149,A,1,1,A,1,1,A
qa_2150,A,0,1,A,0,1,A
qa_2152,A,1,1,A,1,1,A
qa_2157,C,1,1,C,1,1,C
qa_2160,C,1,1,C,1,1,C
qa_2162,C,0,0,A,0,1,C
qa_2163,D,1,1,D,1,1,D
qa_2170,E,0,0,B,0,0,B
qa_2172,A,1,1,A,1,1,A
qa_2173,A,1,1,A,1,1,A
qa_2174,A,1,1,A,1,1,A
qa_2176,D,1,1,D,1,1,D
qa_2179,D,1,1,D,1,1,D
qa_2182,B,0,1,B,0,1,B
qa_2184,A,1,1,A,1,1,A
qa_2185,B,1,1,B,1,1,B
qa_2189,D,1,1,D,1,1,D
qa_219,B,1,1,B,1,1,B
qa_2192,B,1,1,B,1,1,B
qa_2194,C,0,1,C,0,1,C
qa_2198,A,1,1,A,1,1,A
qa_2202,D,0,0,B,0,1,D
qa_2208,A,1,1,A,1,1,A
qa_2213,D,1,1,D,1,1,D
qa_2214,C,1,1,C,1,1,C
qa_2216,C,0,0,D,0,0,D
qa_2221,C,1,1,C,1,1,C
qa_2225,B,1,1,B,1,1,B
qa_2226,C,1,1,C,1,0,D
qa_2227,C,0,1,C,0,1,C
qa_2228,B,0,0,A,0,0,A
qa_2230,A,1,1,A,1,1,A
qa_2237,A,1,1,A,1,1,A
qa_2238,B,1,1,B,1,1,B
qa_2241,C,0,1,C,0,1,C
qa_2242,B,0,0,A,0,1,B
qa_2245,D,1,1,D,1,1,D
qa_2250,A,1,1,A,1,1,A
qa_2255,C,1,1,C,1,1,C
qa_2262,B,1,1,B,1,1,B
qa_2265,B,0,0,D,0,0,D
qa_2266,B,1,1,B,1,1,B
qa_2268,D,1,1,D,1,1,D
qa_2275,D,0,1,D,0,1,D
qa_2276,D,0,0,C,0,0,C
qa_2277,E,0,0,A,0,0,A
qa_2278,A,1,1,A,1,1,A
qa_2290,A,0,1,A,0,1,A
qa_2293,D,1,1,D,1,1,D
qa_2302,D,1,1,D,1,1,D
qa_2303,E,1,1,E,1,1,E
qa_2306,B,1,1,B,1,1,B
qa_2307,B,1,1,B,1,1,B
qa_231,D,1,1,D,1,1,D
qa_2316,C,1,1,C,1,1,C
qa_2324,C,1,1,C,1,1,C
qa_2325,A,0,0,C,0,0,C
qa_2330,A,1,1,A,1,1,A
qa_2333,B,1,1,B,1,1,B
qa_2349,D,1,1,D,1,1,D
qa_2350,B,1,1,B,1,1,B
qa_2352,D,1,1,D,1,1,D
qa_2365,C,1,1,C,1,1,C
qa_2367,B,1,1,B,1,1,B
qa_2368,A,1,1,A,1,1,A
qa_2377,D,1,1,D,1,1,D
qa_2385,C,1,1,C,1,1,C
qa_2388,A,0,0,C,0,1,A
qa_2390,B,0,0,A,0,0,A
qa_2391,B,1,1,B,1,1,B
qa_2397,C,1,1,C,1,1,C
qa_2411,A,1,1,A,1,1,A
qa_2417,C,1,1,C,1,1,C
qa_2418,A,1,1,A,1,1,A
qa_2421,A,1,1,A,1,1,A
qa_2423,D,1,1,D,1,1,D
qa_2425,B,1,1,B,1,1,B
qa_2428,D,1,1,D,1,1,D
qa_2432,C,1,1,C,1,1,C
qa_2435,D,1,1,D,1,1,D
qa_2439,C,1,1,C,1,1,C
qa_2451,A,0,0,B,0,0,B
qa_2453,D,1,1,D,1,1,D
qa_2454,D,1,1,D,1,1,D
qa_2455,C,1,1,C,1,1,C
qa_2458,A,1,1,A,1,1,A
qa_2463,B,1,1,B,1,1,B
qa_2467,A,1,1,A,1,1,A
qa_2476,D,1,1,D,1,1,D
qa_2479,D,1,1,D,1,1,D
qa_2480,B,1,1,B,1,1,B
qa_2484,B,1,1,B,1,1,B
qa_2494,C,0,0,B,0,1,C
qa_2501,C,1,1,C,1,1,C
qa_2503,D,0,0,A,0,0,A
qa_2506,B,1,1,B,1,1,B
qa_2508,D,1,1,D,1,1,D
qa_2514,D,0,1,D,0,1,D
qa_2517,C,1,1,C,1,1,C
qa_2522,D,1,1,D,1,1,D
qa_2527,A,1,1,A,1,1,A
qa_2528,A,0,0,B,0,0,B
qa_2536,D,1,1,D,1,1,D
qa_255,C,1,1,C,1,1,C
qa_2552,C,1,1,C,1,1,C
qa_2553,A,1,1,A,1,1,A
qa_2554,C,0,1,C,0,1,C
qa_2555,D,1,1,D,1,1,D
qa_2567,B,1,1,B,1,1,B
qa_2569,D,1,1,D,1,1,D
qa_2574,A,1,1,A,1,1,A
qa_2576,A,1,1,A,1,1,A
qa_2579,A,1,1,A,1,1,A
qa_2580,D,1,1,D,1,1,D
qa_2581,C,1,1,C,1,1,C
qa_2582,D,1,1,D,1,1,D
qa_2587,A,1,1,A,1,1,A
qa_2594,C,1,1,C,1,1,C
qa_2595,B,1,1,B,1,1,B
qa_2596,B,1,1,B,1,1,B
qa_2597,B,1,1,B,1,1,B
qa_2601,D,1,1,D,1,1,D
qa_2608,C,1,1,C,1,1,C
qa_2615,C,0,1,C,0,1,C
qa_2617,A,0,0,D,0,0,D
qa_2623,C,1,1,C,1,1,C
qa_2631,B,0,1,B,0,1,B
qa_2632,B,0,1,B,0,1,B
qa_2638,B,1,1,B,1,1,B
qa_2639,C,1,1,C,1,1,C
qa_2640,D,1,1,D,1,1,D
qa_2650,A,1,1,A,1,1,A
qa_2651,C,0,0,A,0,0,A
qa_2652,B,1,1,B,1,1,B
qa_2657,C,1,1,C,1,1,C
qa_2658,D,0,0,B,0,0,B
qa_2671,C,1,1,C,1,1,C
qa_2683,B,1,1,B,1,1,B
qa_2690,B,1,1,B,1,1,B
qa_2695,B,0,1,B,0,1,B
qa_2701,B,1,1,B,1,1,B
qa_2705,C,1,1,C,1,1,C
qa_2710,D,1,1,D,1,1,D
qa_2714,C,1,1,C,1,1,C
qa_2715,C,1,1,C,1,1,C
qa_2722,A,1,1,A,1,1,A
qa_2727,B,1,1,B,1,1,B
qa_2728,C,1,1,C,1,1,C
qa_273,B,1,1,B,1,1,B
qa_2735,B,1,1,B,1,1,B
qa_2737,A,0,0,C,0,1,A
qa_2744,C,0,0,B,0,0,B
qa_2746,A,1,1,A,1,1,A
qa_2747,A,0,0,B,0,0,B
qa_2748,C,1,1,C,1,1,C
qa_2751,B,1,1,B,1,1,B
qa_2752,B,0,1,B,0,0,C
qa_2755,B,0,0,C,0,0,C
qa_2758,A,1,1,A,1,1,A
qa_2760,C,0,0,B,0,1,C
qa_2761,D,1,1,D,1,1,D
qa_2767,D,1,1,D,1,1,D
qa_2768,A,1,1,A,1,1,A
qa_2780,D,1,1,D,1,1,D
qa_2782,D,1,1,D,1,1,D
qa_2788,A,1,1,A,1,1,A
qa_2790,A,0,1,A,0,1,A
qa_2791,B,1,1,B,1,1,B
qa_2792,B,1,1,B,1,1,B
qa_2793,C,0,0,D,0,0,D
qa_2796,A,0,1,A,0,1,A
qa_2797,A,1,1,A,1,1,A
qa_2801,D,0,1,D,0,1,D
qa_2804,D,1,1,D,1,1,D
qa_2806,A,1,1,A,1,1,A
qa_2818,B,1,1,B,1,1,B
qa_2824,B,1,1,B,1,1,B
qa_2826,A,1,1,A,1,1,A
qa_2827,A,1,1,A,1,1,A
qa_2832,D,0,1,D,0,1,D
qa_2834,A,1,1,A,1,1,A
qa_2837,C,1,1,C,1,1,C
qa_2841,B,1,1,B,1,1,B
qa_2852,A,1,1,A,1,1,A
qa_2856,A,0,0,E,0,1,A
qa_2862,D,0,0,A,0,1,D
qa_2865,A,1,1,A,1,1,A
qa_2866,A,0,0,C,0,0,C
qa_2867,B,1,1,B,1,0,C
qa_2875,B,1,1,B,1,1,B
qa_2880,B,1,1,B,1,1,B
qa_2881,B,1,1,B,1,1,B
qa_2882,A,1,1,A,1,1,A
qa_2885,C,1,1,C,1,1,C
qa_2891,A,1,1,A,1,1,A
qa_2898,B,1,1,B,1,1,B
qa_2899,A,1,1,A,1,1,A
qa_2901,B,1,1,B,1,0,A
qa_2904,A,1,1,A,1,1,A
qa_2909,D,1,1,D,1,1,D
qa_2918,B,0,0,A,0,0,A
qa_2920,A,1,1,A,1,1,A
qa_2927,C,1,1,C,1,1,C
qa_2930,B,1,1,B,1,1,B
qa_2939,C,1,1,C,1,1,C
qa_294,B,1,1,B,1,1,B
qa_2940,D,1,1,D,1,1,D
qa_2941,B,1,1,B,1,1,B
qa_295,A,0,0,B,0,0,B
qa_2953,D,1,1,D,1,1,D
qa_2954,B,1,1,B,1,1,B
qa_2957,D,1,1,D,1,1,D
qa_2977,B,1,1,B,1,1,B
qa_2981,A,1,1,A,1,1,A
qa_2986,B,1,1,B,1,1,B
qa_2989,C,1,1,C,1,1,C
qa_2990,C,1,1,C,1,1,C
qa_2993,A,1,1,A,1,1,A
qa_3,A,1,1,A,1,1,A
qa_3000,B,0,1,B,0,1,B
qa_3001,B,1,1,B,1,1,B
qa_3003,B,1,1,B,1,1,B
qa_3005,D,1,1,D,1,1,D
qa_3010,A,1,1,A,1,1,A
qa_3012,A,1,1,A,1,1,A
qa_3018,A,1,1,A,1,1,A
qa_3019,D,1,1,D,1,1,D
qa_3028,A,1,1,A,1,1,A
qa_3029,B,1,1,B,1,1,B
qa_3032,A,1,1,A,1,1,A
qa_3033,A,1,1,A,1,1,A
qa_3034,A,1,1,A,1,1,A
qa_3038,D,1,1,D,1,1,D
qa_3040,A,0,0,D,0,1,A
qa_3051,A,1,1,A,1,1,A
qa_3056,C,1,1,C,1,1,C
qa_3058,B,1,1,B,1,1,B
qa_3061,D,1,1,D,1,1,D
qa_3062,D,1,1,D,1,1,D
qa_3063,C,1,1,C,1,1,C
qa_3070,D,1,1,D,1,1,D
qa_3072,D,1,1,D,1,1,D
qa_3073,A,1,1,A,1,1,A
qa_3084,A,1,1,A,1,1,A
qa_3086,C,0,0,B,0,0,B
qa_3092,D,0,0,A,0,0,A
qa_3103,A,1,1,A,1,1,A
qa_3114,C,0,0,B,0,0,B
qa_3115,D,1,1,D,1,1,D
qa_3116,D,1,1,D,1,1,D
qa_3117,B,1,1,B,1,1,B
qa_3119,B,1,1,B,1,1,B
qa_313,C,0,0,B,0,0,B
qa_3135,C,0,0,A,0,0,A
qa_3136,B,1,1,B,1,1,B
qa_3137,C,1,1,C,1,1,C
qa_3138,B,1,1,B,1,1,B
qa_314,A,0,0,B,0,0,B
qa_3141,D,0,0,C,0,0,C
qa_3155,A,1,1,A,1,1,A
qa_3159,B,1,1,B,1,1,B
qa_3160,C,1,1,C,1,1,C
qa_3164,A,1,1,A,1,1,A
qa_3174,C,1,1,C,1,1,C
qa_3179,C,1,1,C,1,1,C
qa_3184,A,1,1,A,1,1,A
qa_3193,A,0,0,B,0,0,B
qa_3196,A,1,1,A,1,1,A
qa_3197,B,1,1,B,1,1,B
qa_3200,E,1,1,E,1,1,E
qa_3201,A,0,0,B,0,0,B
qa_3203,C,1,1,C,1,0,B
qa_3209,B,1,1,B,1,1,B
qa_3210,D,1,1,D,1,1,D
qa_3217,C,1,1,C,1,1,C
qa_3220,A,1,1,A,1,1,A
qa_3229,D,1,1,D,1,1,D
qa_3234,C,1,1,C,1,1,C
qa_3243,A,1,1,A,1,1,A
qa_3249,B,1,1,B,1,1,B
qa_3250,B,0,0,D,0,0,D
qa_3251,B,1,1,B,1,1,B
qa_3253,A,1,1,A,1,1,A
qa_3257,B,1,1,B,1,1,B
qa_3259,D,1,1,D,1,1,D
qa_3261,B,0,0,A,0,0,A
qa_3265,A,0,0,C,0,0,C
qa_3279,A,1,1,A,1,1,A
qa_3286,C,1,1,C,1,1,C
qa_3288,B,1,1,B,1,1,B
qa_3289,C,1,1,C,1,1,C
qa_3292,C,0,0,A,0,0,A
qa_3296,D,1,1,D,1,1,D
qa_3299,A,1,1,A,1,1,A
qa_3313,C,1,1,C,1,1,C
qa_3316,A,1,1,A,1,1,A
qa_3318,B,1,1,B,1,1,B
qa_3329,A,1,1,A,1,1,A
qa_3334,A,1,1,A,1,1,A
qa_3335,D,1,1,D,1,1,D
qa_3336,B,1,1,B,1,1,B
qa_3340,D,0,0,C,0,0,C
qa_3341,D,1,1,D,1,1,D
qa_3342,D,1,1,D,1,1,D
qa_3343,D,1,1,D,1,1,D
qa_3349,C,1,1,C,1,1,C
qa_3350,A,1,1,A,1,1,A
qa_3355,D,1,1,D,1,1,D
qa_3361,D,1,1,D,1,1,D
qa_3362,A,1,1,A,1,1,A
qa_3365,D,1,1,D,1,1,D
qa_3366,D,1,1,D,1,1,D
qa_3371,A,1,1,A,1,1,A
qa_3372,A,0,0,D,0,0,D
qa_3374,B,1,1,B,1,1,B
qa_3381,B,1,1,B,1,1,B
qa_3383,B,1,1,B,1,1,B
qa_3387,B,0,1,B,0,1,B
qa_3388,A,0,0,B,0,0,B
qa_3396,A,1,1,A,1,1,A
qa_3398,D,1,1,D,1,1,D
qa_3400,D,0,1,D,0,1,D
qa_3406,C,1,1,C,1,1,C
qa_3412,D,1,1,D,1,1,D
qa_3413,A,0,1,A,0,1,A
qa_3415,D,1,1,D,1,1,D
qa_3419,B,1,1,B,1,1,B
qa_3422,B,1,1,B,1,1,B
qa_3424,C,1,1,C,1,1,C
qa_3427,B,1,1,B,1,1,B
qa_3431,A,1,1,A,1,1,A
qa_3436,B,1,1,B,1,1,B
qa_3437,D,1,1,D,1,1,D
qa_3438,A,1,1,A,1,1,A
qa_3443,D,0,1,D,0,1,D
qa_3445,B,1,1,B,1,0,C
qa_3447,B,1,1,B,1,1,B
qa_3448,B,1,1,B,1,1,B
qa_3456,D,0,0,C,0,0,B
qa_3459,A,1,1,A,1,1,A
qa_3471,A,1,1,A,1,1,A
qa_3477,C,1,1,C,1,1,C
qa_3480,C,1,1,C,1,1,C
qa_3481,B,0,0,A,0,0,A
qa_3487,B,0,1,B,0,1,B
qa_3488,B,1,1,B,1,1,B
qa_349,B,1,1,B,1,1,B
qa_3492,C,1,1,C,1,1,C
qa_3497,D,0,0,B,0,0,B
qa_35,A,1,1,A,1,1,A
qa_3500,B,1,1,B,1,1,B
qa_3504,C,1,1,C,1,1,C
qa_3505,A,1,1,A,1,1,A
qa_3507,B,1,1,B,1,1,B
qa_3515,C,1,1,C,1,1,C
qa_3521,B,1,1,B,1,1,B
qa_3524,C,1,1,C,1,1,C
qa_3529,B,1,1,B,1,1,B
qa_3536,A,1,1,A,1,1,A
qa_3537,B,1,1,B,1,1,B
qa_3542,A,1,1,A,1,1,A
qa_3548,B,0,0,A,0,0,A
qa_3558,D,0,0,A,0,0,A
qa_3559,A,0,0,D,0,1,A
qa_3562,D,1,1,D,1,1,D
qa_3565,B,1,1,B,1,1,B
qa_3569,A,1,1,A,1,1,A
qa_3573,A,1,1,A,1,1,A
qa_3574,B,1,1,B,1,1,B
qa_3584,A,1,1,A,1,1,A
qa_3586,B,0,0,C,0,0,C
qa_3589,B,1,1,B,1,0,A
qa_359,A,1,1,A,1,1,A
qa_3590,B,1,1,B,1,1,B
qa_3592,C,1,1,C,1,1,C
qa_3595,C,1,1,C,1,1,C
qa_3596,A,1,1,A,1,1,A
qa_3600,C,1,1,C,1,1,C
qa_3604,D,1,1,D,1,1,D
qa_3606,B,1,1,B,1,1,B
qa_3615,A,1,1,A,1,1,A
qa_3618,A,1,1,A,1,1,A
qa_362,D,1,1,D,1,1,D
qa_3623,D,1,1,D,1,1,D
qa_3626,A,0,1,A,0,0,D
qa_3636,C,1,1,C,1,1,C
qa_3638,C,1,0,D,1,1,C
qa_3640,A,1,1,A,1,1,A
qa_3641,C,1,1,C,1,1,C
qa_3643,C,0,1,C,0,0,B
qa_3645,C,0,0,A,0,0,A
qa_3648,B,1,1,B,1,1,B
qa_3649,C,1,1,C,1,1,C
qa_3654,D,1,1,D,1,1,D
qa_3665,C,1,1,C,1,1,C
qa_3672,A,1,1,A,1,1,A
qa_3673,A,1,1,A,1,1,A
qa_3675,E,0,0,A,0,0,A
qa_3676,A,1,1,A,1,1,A
qa_3678,D,1,1,D,1,0,A
qa_3679,C,1,1,C,1,1,C
qa_3680,C,0,0,D,0,0,D
qa_3682,C,1,1,C,1,1,C
qa_3687,D,1,1,D,1,1,D
qa_3688,D,1,1,D,1,1,D
qa_3693,D,1,1,D,1,0,A
qa_3697,D,0,0,B,0,0,B
qa_3699,C,1,1,C,1,1,C
qa_3704,A,1,1,A,1,1,A
qa_3707,D,1,1,D,1,1,D
qa_3715,E,0,0,B,0,0,B
qa_3717,C,1,1,C,1,1,C
qa_3719,B,0,0,D,0,0,D
qa_3721,A,1,1,A,1,1,A
qa_3722,C,1,1,C,1,1,C
qa_3723,D,1,1,D,1,1,D
qa_3733,C,1,1,C,1,1,C
qa_3737,A,1,1,A,1,1,A
qa_3750,A,1,1,A,1,1,A
qa_3753,C,1,1,C,1,1,C
qa_3758,C,1,1,C,1,1,C
qa_3760,A,1,1,A,1,1,A
qa_3767,B,1,1,B,1,1,B
qa_3773,C,1,1,C,1,1,C
qa_3779,A,1,1,A,1,1,A
qa_3782,A,1,1,A,1,1,A
qa_3784,A,1,1,A,1,1,A
qa_3789,B,1,1,B,1,1,B
qa_3794,A,1,1,A,1,1,A
qa_3797,C,1,1,C,1,1,C
qa_3802,B,1,1,B,1,1,B
qa_3803,A,1,1,A,1,1,A
qa_3805,B,1,1,B,1,1,B
qa_382,A,1,1,A,1,1,A
qa_3822,C,0,0,B,0,0,B
qa_3824,B,1,1,B,1,1,B
qa_3826,D,1,1,D,1,1,D
qa_3828,B,1,1,B,1,1,B
qa_3832,B,1,1,B,1,1,B
qa_3833,C,1,1,C,1,1,C
qa_3834,D,1,1,D,1,1,D
qa_3841,C,0,0,B,0,0,B
qa_3844,E,0,0,A,0,0,A
qa_3849,B,1,1,B,1,1,B
qa_3861,A,1,1,A,1,1,A
qa_3864,B,1,1,B,1,1,B
qa_3868,A,1,1,A,1,1,A
qa_3870,D,1,1,D,1,1,D
qa_3871,D,0,1,D,0,1,D
qa_3874,B,1,1,B,1,1,B
qa_3883,D,1,1,D,1,1,D
qa_3884,D,1,1,D,1,1,D
qa_3891,C,1,1,C,1,1,C
qa_3896,A,1,1,A,1,1,A
qa_3898,C,0,0,B,0,1,C
qa_3900,C,1,1,C,1,1,C
qa_3901,C,1,1,C,1,1,C
qa_3902,D,0,0,B,0,1,D
qa_3911,C,0,0,B,0,0,B
qa_3912,C,1,1,C,1,1,C
qa_3914,C,0,0,B,0,0,B
qa_3915,C,1,1,C,1,1,C
qa_3917,D,1,1,D,1,1,D
qa_3924,A,1,1,A,1,1,A
qa_3927,D,1,1,D,1,1,D
qa_3930,B,1,0,A,1,0,A
qa_3934,A,1,1,A,1,1,A
qa_3938,A,1,1,A,1,1,A
qa_3941,C,1,1,C,1,1,C
qa_3944,B,1,1,B,1,1,B
qa_3949,B,0,0,C,0,1,B
qa_3956,B,1,1,B,1,1,B
qa_3957,C,1,1,C,1,1,C
qa_3960,B,0,1,B,0,1,B
qa_3964,A,1,1,A,1,1,A
qa_3965,A,1,1,A,1,1,A
qa_3972,D,1,1,D,1,0,B
qa_3978,B,0,0,D,0,1,B
qa_3980,D,1,1,D,1,1,D
qa_3982,D,0,1,D,0,1,D
qa_3983,B,1,1,B,1,1,B
qa_3992,D,1,1,D,1,1,D
qa_400,A,1,1,A,1,1,A
qa_4002,B,1,1,B,1,1,B
qa_4003,D,1,1,D,1,1,D
qa_4013,B,1,1,B,1,1,B
qa_4015,D,1,1,D,1,1,D
qa_4016,D,1,1,D,1,1,D
qa_4021,C,1,1,C,1,1,C
qa_4025,B,1,1,B,1,1,B
qa_4027,D,1,1,D,1,1,D
qa_4028,C,1,1,C,1,1,C
qa_4029,B,0,0,D,0,0,D
qa_4034,D,0,1,D,0,1,D
qa_4039,B,1,1,B,1,1,B
qa_4055,D,1,1,D,1,1,D
qa_4078,C,1,1,C,1,1,C
qa_4086,A,1,1,A,1,1,A
qa_4113,A,1,1,A,1,1,A
qa_4132,B,1,1,B,1,1,B
qa_4141,D,1,1,D,1,1,D
qa_4151,C,0,1,C,0,1,C
qa_4165,A,1,1,A,1,1,A
qa_4190,C,0,0,A,0,0,A
qa_4215,D,1,1,D,1,1,D
qa_4226,C,0,0,A,0,0,A
qa_425,E,1,1,E,1,1,E
qa_4252,B,1,1,B,1,1,B
qa_4253,A,1,1,A,1,1,A
qa_4257,A,1,1,A,1,1,A
qa_4264,D,1,1,D,1,1,D
qa_427,B,1,1,B,1,1,B
qa_4270,B,1,1,B,1,1,B
qa_4298,D,1,1,D,1,1,D
qa_4303,C,1,1,C,1,1,C
qa_4307,B,1,1,B,1,1,B
qa_4311,B,1,1,B,1,1,B
qa_4345,A,0,1,A,0,0,B
qa_4346,A,1,1,A,1,1,A
qa_437,D,1,1,D,1,1,D
qa_4378,B,1,1,B,1,1,B
qa_4380,D,1,1,D,1,1,D
qa_4409,A,1,1,A,1,1,A
qa_4419,A,1,1,A,1,1,A
qa_4424,C,1,1,C,1,1,C
qa_4436,A,1,1,A,1,1,A
qa_4440,A,1,1,A,1,1,A
qa_4472,A,0,1,A,0,0,B
qa_4474,A,1,1,A,1,1,A
qa_4476,A,1,1,A,1,1,A
qa_4493,B,1,1,B,1,1,B
qa_4501,D,1,1,D,1,1,D
qa_4511,D,1,1,D,1,1,D
qa_4519,D,1,1,D,1,1,D
qa_4527,D,1,1,D,1,1,D
qa_453,C,1,1,C,1,1,C
qa_4537,A,1,1,A,1,1,A
qa_4554,C,1,1,C,1,1,C
qa_4560,A,1,1,A,1,1,A
qa_4592,B,0,0,D,0,0,D
qa_4599,A,1,1,A,1,1,A
qa_4619,D,1,1,D,1,1,D
qa_4649,B,1,1,B,1,1,B
qa_4657,A,1,1,A,1,1,A
qa_4678,A,1,1,A,1,1,A
qa_4682,D,1,1,D,1,1,D
qa_4702,A,1,1,A,1,1,A
qa_4703,C,1,1,C,1,1,C
qa_4704,B,1,1,B,1,1,B
qa_4710,A,0,0,C,0,0,C
qa_4712,A,1,1,A,1,1,A
qa_4713,A,1,1,A,1,1,A
qa_4742,A,1,1,A,1,1,A
qa_4743,B,0,1,B,0,1,B
qa_4748,C,1,1,C,1,1,C
qa_4758,D,1,1,D,1,1,D
qa_4794,D,1,1,D,1,1,D
qa_4842,B,0,1,B,0,1,B
qa_4847,C,1,1,C,1,1,C
qa_4848,A,1,1,A,1,1,A
qa_4856,B,1,1,B,1,1,B
qa_4874,A,1,1,A,1,1,A
qa_4877,D,1,1,D,1,1,D
qa_4891,C,1,1,C,1,1,C
qa_4909,C,1,1,C,1,1,C
qa_4916,B,1,1,B,1,1,B
qa_4919,B,1,1,B,1,1,B
qa_4936,B,1,1,B,1,1,B
qa_4938,A,1,1,A,1,1,A
qa_497,A,1,1,A,1,1,A
qa_4985,C,1,1,C,1,1,C
qa_4994,C,1,1,C,1,1,C
qa_4998,A,1,1,A,1,1,A
qa_5041,C,1,1,C,1,1,C
qa_5052,C,1,1,C,1,1,C
qa_5055,B,1,1,B,1,1,B
qa_5070,D,1,1,D,1,1,D
qa_5076,C,0,0,B,0,0,B
qa_5080,D,1,1,D,1,1,D
qa_5092,D,1,1,D,1,1,D
qa_5093,C,1,1,C,1,1,C
qa_5121,D,0,0,A,0,0,A
qa_5130,D,1,1,D,1,1,D
qa_5144,C,0,0,D,0,0,D
qa_5153,B,1,1,B,1,1,B
qa_5157,C,1,1,C,1,1,C
qa_5165,A,0,1,A,0,1,A
qa_5173,B,1,1,B,1,1,B
qa_5175,C,1,1,C,1,1,C
qa_5180,B,0,1,B,0,1,B
qa_5189,A,1,1,A,1,1,A
qa_5208,B,1,1,B,1,1,B
qa_5210,B,1,1,B,1,1,B
qa_523,D,1,1,D,1,1,D
qa_5238,B,1,1,B,1,1,B
qa_5242,C,1,1,C,1,1,C
qa_5252,C,1,1,C,1,1,C
qa_5253,A,1,1,A,1,1,A
qa_5259,B,1,1,B,1,1,B
qa_526,A,1,1,A,1,1,A
qa_5270,A,1,1,A,1,1,A
qa_5278,C,0,1,C,0,1,C
qa_5283,C,1,1,C,1,1,C
qa_5287,D,1,1,D,1,1,D
qa_5295,D,1,1,D,1,1,D
qa_5302,A,0,1,A,0,1,A
qa_5316,D,1,1,D,1,1,D
qa_5324,C,1,1,C,1,1,C
qa_5334,B,1,1,B,1,1,B
qa_5338,B,1,1,B,1,1,B
qa_5345,A,1,1,A,1,1,A
qa_5362,B,0,0,C,0,0,C
qa_5367,A,1,1,A,1,1,A
qa_5371,C,0,0,A,0,0,A
qa_5386,A,0,0,B,0,0,B
qa_5387,B,1,1,B,1,1,B
qa_5395,D,1,1,D,1,1,D
qa_5399,C,1,1,C,1,1,C
qa_5412,D,1,0,C,1,0,C
qa_5457,D,1,1,D,1,1,D
qa_5464,B,1,1,B,1,1,B
qa_5470,D,0,0,A,0,0,A
qa_5488,D,0,1,D,0,1,D
qa_5521,B,1,1,B,1,1,B
qa_5523,A,1,1,A,1,1,A
qa_5532,C,1,1,C,1,1,C
qa_5571,A,1,1,A,1,1,A
qa_5604,D,1,1,D,1,1,D
qa_5605,C,1,1,C,1,1,C
qa_561,A,1,1,A,1,1,A
qa_5646,A,1,1,A,1,1,A
qa_5663,B,1,1,B,1,1,B
qa_5672,C,0,0,A,0,0,A
qa_5685,A,0,0,B,0,0,B
qa_5687,C,1,1,C,1,1,C
qa_5688,C,0,0,B,0,0,B
qa_5695,B,1,1,B,1,1,B
qa_57,A,0,0,B,0,0,B
qa_5704,C,1,1,C,1,1,C
qa_5705,D,1,1,D,1,1,D
qa_5714,A,1,1,A,1,1,A
qa_5726,B,1,1,B,1,1,B
qa_5729,A,1,1,A,1,1,A
qa_5763,C,1,1,C,1,1,C
qa_5790,A,1,1,A,1,1,A
qa_5809,D,1,1,D,1,1,D
qa_5814,B,1,1,B,1,1,B
qa_5821,C,1,1,C,1,1,C
qa_5823,D,1,1,D,1,1,D
qa_5880,A,1,1,A,1,1,A
qa_5909,A,1,1,A,1,1,A
qa_5915,A,1,1,A,1,1,A
qa_5918,A,0,1,A,0,1,A
qa_592,D,1,1,D,1,1,D
qa_5952,C,1,1,C,1,1,C
qa_5968,D,1,1,D,1,1,D
qa_5969,C,1,1,C,1,1,C
qa_5972,A,1,1,A,1,1,A
qa_5995,C,1,1,C,1,1,C
qa_600,A,1,1,A,1,1,A
qa_6011,B,1,1,B,1,1,B
qa_6021,D,1,1,D,1,1,D
qa_6027,A,1,1,A,1,1,A
qa_6032,B,1,1,B,1,1,B
qa_6033,B,1,1,B,1,1,B
qa_6043,C,1,1,C,1,1,C
qa_6044,B,1,1,B,1,1,B
qa_6048,C,1,1,C,1,1,C
qa_6051,B,1,1,B,1,1,B
qa_6062,B,1,1,B,1,1,B
qa_6069,A,1,1,A,1,1,A
qa_6070,D,1,1,D,1,1,D
qa_6072,B,1,1,B,1,1,B
qa_6073,B,1,1,B,1,1,B
qa_6079,D,1,1,D,1,1,D
qa_6080,A,1,1,A,1,1,A
qa_6083,C,1,1,C,1,1,C
qa_6087,B,1,1,B,1,1,B
qa_6089,D,1,1,D,1,1,D
qa_6090,D,1,1,D,1,1,D
qa_6092,C,1,1,C,1,1,C
qa_6096,D,1,1,D,1,1,D
qa_6098,B,1,0,A,1,1,B
qa_6099,A,1,1,A,1,1,A
qa_6106,E,1,1,E,1,0,A
qa_611,A,1,1,A,1,1,A
qa_6116,B,1,1,B,1,1,B
qa_6122,A,1,1,A,1,1,A
qa_6124,B,1,1,B,1,1,B
qa_6135,A,1,1,A,1,1,A
qa_6140,A,1,1,A,1,1,A
qa_6145,C,1,1,C,1,1,C
qa_6147,D,0,0,C,0,1,D
qa_6150,C,1,1,C,1,1,C
qa_6151,B,1,1,B,1,1,B
qa_6155,B,0,0,D,0,0,A
qa_6156,A,0,0,B,0,0,B
qa_6159,B,1,1,B,1,1,B
qa_6171,B,1,1,B,1,1,B
qa_6173,A,1,1,A,1,1,A
qa_6176,A,1,1,A,1,1,A
qa_6190,D,1,1,D,1,1,D
qa_6193,B,1,1,B,1,1,B
qa_6198,B,1,1,B,1,1,B
qa_6200,A,1,1,A,1,1,A
qa_6202,B,1,1,B,1,1,B
qa_6208,C,1,1,C,1,1,C
qa_6216,A,0,1,A,0,1,A
qa_6222,A,1,1,A,1,1,A
qa_6229,D,1,1,D,1,1,D
qa_6238,A,1,1,A,1,1,A
qa_6243,D,1,1,D,1,1,D
qa_6245,A,1,1,A,1,1,A
qa_6247,A,1,1,A,1,1,A
qa_625,A,1,1,A,1,1,A
qa_6250,A,1,1,A,1,1,A
qa_6251,D,1,1,D,1,1,D
qa_6252,A,1,1,A,1,1,A
qa_6254,C,1,1,C,1,1,C
qa_6258,B,1,1,B,1,1,B
qa_6259,C,0,1,C,0,1,C
qa_6263,C,1,1,C,1,1,C
qa_6272,B,1,1,B,1,1,B
qa_6275,D,1,1,D,1,1,D
qa_6276,D,1,1,D,1,1,D
qa_6278,A,1,1,A,1,1,A
qa_6279,B,1,1,B,1,1,B
qa_6281,A,1,1,A,1,1,A
qa_6282,B,1,1,B,1,1,B
qa_6290,A,1,1,A,1,1,A
qa_6291,E,0,0,B,0,0,A
qa_6292,A,1,1,A,1,1,A
qa_6294,A,0,1,A,0,1,A
qa_6299,A,1,1,A,1,1,A
qa_6302,A,0,0,B,0,0,B
qa_6309,C,1,1,C,1,1,C
qa_6313,B,1,1,B,1,1,B
qa_6318,B,1,1,B,1,1,B
qa_6319,C,1,1,C,1,1,C
qa_6324,A,0,1,A,0,1,A
qa_6327,A,1,1,A,1,1,A
qa_6332,A,1,1,A,1,1,A
qa_6335,C,1,1,C,1,1,C
qa_6340,A,0,1,A,0,1,A
qa_6344,A,1,1,A,1,1,A
qa_6345,B,1,1,B,1,1,B
qa_6348,C,1,1,C,1,1,C
qa_6350,C,1,1,C,1,1,C
qa_6356,B,1,1,B,1,1,B
qa_6357,D,0,1,D,0,1,D
qa_6361,A,1,1,A,1,1,A
qa_6362,D,1,1,D,1,1,D
qa_6367,B,1,1,B,1,1,B
qa_6368,B,1,1,B,1,1,B
qa_6371,A,1,1,A,1,1,A
qa_6375,B,1,1,B,1,1,B
qa_6382,A,1,1,A,1,1,A
qa_6384,B,1,1,B,1,1,B
qa_6385,C,0,1,C,0,1,C
qa_6388,B,1,1,B,1,1,B
qa_6394,C,1,1,C,1,1,C
qa_6397,C,1,1,C,1,1,C
qa_6399,A,1,1,A,1,0,B
qa_6400,C,0,0,A,0,0,A
qa_6401,C,1,1,C,1,1,C
qa_6409,B,1,1,B,1,1,B
qa_6418,B,1,1,B,1,1,B
qa_6422,D,0,0,A,0,0,A
qa_6429,B,1,1,B,1,1,B
qa_6434,A,0,0,B,0,0,B
qa_6436,C,1,1,C,1,1,C
qa_6438,C,1,1,C,1,1,C
qa_6440,A,1,1,A,1,1,A
qa_6444,C,1,1,C,1,1,C
qa_6452,D,1,1,D,1,1,D
qa_6457,A,1,1,A,1,1,A
qa_6462,C,1,1,C,1,1,C
qa_6466,C,1,1,C,1,1,C
qa_6467,A,1,1,A,1,1,A
qa_6473,B,1,1,B,1,1,B
qa_6475,C,1,1,C,1,1,C
qa_6487,D,1,1,D,1,1,D
qa_6488,B,1,1,B,1,1,B
qa_6491,A,1,1,A,1,1,A
qa_6496,C,1,1,C,1,1,C
qa_6500,A,1,1,A,1,1,A
qa_6502,A,1,1,A,1,1,A
qa_6505,C,0,0,B,0,1,C
qa_6507,C,1,1,C,1,1,C
qa_6508,C,1,1,C,1,1,C
qa_6510,A,1,1,A,1,1,A
qa_6517,D,1,1,D,1,1,D
qa_6519,A,0,0,B,0,0,B
qa_6530,D,1,1,D,1,1,D
qa_6548,B,1,1,B,1,1,B
qa_6568,A,0,0,B,0,1,A
qa_6569,A,0,0,C,0,0,C
qa_6573,A,1,0,D,1,1,A
qa_6574,D,1,1,D,1,1,D
qa_6589,B,1,1,B,1,1,B
qa_6592,D,0,1,D,0,1,D
qa_6596,B,1,1,B,1,1,B
qa_660,E,0,0,A,0,0,A
qa_6609,D,0,1,D,0,1,D
qa_6618,B,1,1,B,1,1,B
qa_6620,A,1,1,A,1,1,A
qa_6627,B,1,1,B,1,1,B
qa_6650,B,0,0,A,0,0,A
qa_6659,C,1,1,C,1,1,C
qa_6666,D,1,1,D,1,1,D
qa_6699,C,1,1,C,1,1,C
qa_6709,B,1,1,B,1,1,B
qa_6741,C,1,1,C,1,1,C
qa_6743,D,1,1,D,1,1,D
qa_6744,B,1,1,B,1,1,B
qa_6751,A,1,1,A,1,1,A
qa_6771,B,0,1,B,0,1,B
qa_6787,C,1,1,C,1,1,C
qa_6804,C,1,1,C,1,1,C
qa_6859,C,1,1,C,1,1,C
qa_6864,B,1,1,B,1,1,B
qa_687,C,0,0,A,0,0,A
qa_6879,C,1,1,C,1,1,C
qa_6882,D,1,1,D,1,1,D
qa_6885,A,1,0,B,1,0,B
qa_6895,A,0,0,B,0,0,B
qa_6903,A,1,1,A,1,1,A
qa_6906,A,1,1,A,1,1,A
qa_6909,A,1,1,A,1,1,A
qa_6912,E,1,1,E,1,1,E
qa_6913,A,0,1,A,0,1,A
qa_6914,D,1,1,D,1,1,D
qa_6927,B,1,1,B,1,1,B
qa_6929,D,1,1,D,1,1,D
qa_6932,B,1,1,B,1,1,B
qa_694,E,1,1,E,1,1,E
qa_6942,D,1,1,D,1,1,D
qa_6948,C,0,0,A,0,0,A
qa_6983,A,0,0,D,0,0,D
qa_6984,D,0,0,B,0,0,B
qa_6997,A,1,1,A,1,1,A
qa_6998,E,1,1,E,1,1,E
qa_7035,A,1,1,A,1,1,A
qa_7038,B,1,1,B,1,1,B
qa_7039,D,0,0,A,0,0,A
qa_7047,B,1,1,B,1,1,B
qa_705,E,0,0,A,0,0,A
qa_7065,D,1,1,D,1,1,D
qa_7079,D,1,1,D,1,1,D
qa_7160,C,1,1,C,1,1,C
qa_7196,B,1,1,B,1,1,B
qa_7205,B,1,1,B,1,1,B
qa_7209,C,1,1,C,1,1,C
qa_721,A,1,1,A,1,1,A
qa_7229,A,1,1,A,1,1,A
qa_7232,B,1,1,B,1,1,B
qa_7269,B,1,1,B,1,1,B
qa_7290,D,1,1,D,1,1,D
qa_7307,A,1,1,A,1,1,A
qa_7332,B,1,1,B,1,1,B
qa_7360,B,1,1,B,1,1,B
qa_740,B,0,0,C,0,0,A
qa_7423,E,0,0,B,0,0,B
qa_7428,C,1,1,C,1,1,C
qa_7440,C,0,0,B,0,0,B
qa_7442,A,0,0,B,0,0,B
qa_7531,D,1,1,D,1,1,D
qa_754,A,1,1,A,1,1,A
qa_7551,C,1,1,C,1,1,C
qa_7559,C,1,1,C,1,1,C
qa_757,J,0,0,D,0,0,D
qa_7572,A,1,1,A,1,1,A
qa_7582,B,1,1,B,1,1,B
qa_7599,D,1,1,D,1,1,D
qa_7604,B,1,1,B,1,1,B
qa_7613,B,1,1,B,1,1,B
qa_7619,B,1,1,B,1,1,B
qa_7629,C,1,1,C,1,1,C
qa_7632,A,1,1,A,1,1,A
qa_7635,A,0,1,A,0,0,B
qa_7637,D,1,1,D,1,1,D
qa_7642,A,1,1,A,1,1,A
qa_7644,B,1,1,B,1,1,B
qa_7653,D,0,0,A,0,1,D
qa_7658,C,1,1,C,1,1,C
qa_7661,B,1,1,B,1,1,B
qa_7667,B,1,1,B,1,1,B
qa_7669,A,1,0,B,1,0,B
qa_7678,B,0,1,B,0,1,B
qa_7683,D,0,0,C,0,0,C
qa_7689,D,0,0,B,0,0,A
qa_7693,C,0,0,B,0,0,B
qa_7694,A,1,1,A,1,1,A
qa_7696,A,1,1,A,1,1,A
qa_7697,A,0,0,B,0,0,B
qa_7700,B,1,1,B,1,1,B
qa_7706,A,1,1,A,1,1,A
qa_7711,D,1,1,D,1,1,D
qa_7723,D,0,1,D,0,1,D
qa_7729,C,1,1,C,1,1,C
qa_7730,C,1,1,C,1,1,C
qa_7733,B,1,1,B,1,1,B
qa_7745,B,1,1,B,1,1,B
qa_7747,B,1,1,B,1,1,B
qa_7749,C,1,1,C,1,1,C
qa_7758,A,1,1,A,1,1,A
qa_7761,C,1,1,C,1,1,C
qa_7764,B,1,1,B,1,1,B
qa_7776,C,1,1,C,1,0,B
qa_7779,C,1,1,C,1,1,C
qa_778,A,1,1,A,1,1,A
qa_7782,C,1,1,C,1,1,C
qa_7786,D,1,1,D,1,1,D
qa_7790,D,1,1,D,1,1,D
qa_7792,D,1,1,D,1,1,D
qa_7795,A,1,1,A,1,1,A
qa_7796,A,1,1,A,1,1,A
qa_7799,B,1,1,B,1,1,B
qa_7800,B,1,1,B,1,1,B
qa_7801,B,0,1,B,0,0,C
qa_7805,B,1,1,B,1,1,B
qa_7808,D,1,1,D,1,1,D
qa_7817,A,0,1,A,0,1,A
qa_7820,C,1,1,C,1,1,C
qa_7833,B,1,1,B,1,1,B
qa_7840,A,1,1,A,1,1,A
qa_7848,B,0,0,C,0,0,C
qa_7855,C,1,1,C,1,1,C
qa_7856,D,1,1,D,1,1,D
qa_7860,A,1,1,A,1,1,A
qa_7862,A,1,1,A,1,1,A
qa_7878,C,1,1,C,1,1,C
qa_7890,B,1,1,B,1,1,B
qa_7891,C,1,1,C,1,1,C
qa_7901,C,1,1,C,1,1,C
qa_7903,D,0,0,A,0,0,A
qa_7908,C,1,1,C,1,1,C
qa_7911,B,0,0,D,0,0,D
qa_7912,D,1,1,D,1,1,D
qa_7918,C,1,1,C,1,1,C
qa_7919,A,1,1,A,1,1,A
qa_7930,B,1,1,B,1,1,B
qa_7933,D,1,1,D,1,1,D
qa_7937,B,1,1,B,1,1,B
qa_7940,D,1,1,D,1,1,D
qa_7941,C,0,1,C,0,1,C
qa_7942,D,0,1,D,0,1,D
qa_7951,D,1,1,D,1,1,D
qa_7958,A,1,1,A,1,1,A
qa_7963,A,0,0,D,0,0,D
qa_7966,D,1,1,D,1,1,D
qa_7968,A,1,1,A,1,1,A
qa_7971,B,1,1,B,1,1,B
qa_7975,D,1,1,D,1,1,D
qa_7991,C,1,1,C,1,1,C
qa_7998,B,1,1,B,1,1,B
qa_8002,B,1,1,B,1,0,D
qa_8004,B,0,0,C,0,0,C
qa_8006,B,1,1,B,1,1,B
qa_8010,D,0,1,D,0,1,D
qa_8013,A,1,1,A,1,1,A
qa_8032,A,1,1,A,1,1,A
qa_8039,B,0,1,B,0,1,B
qa_8040,B,0,1,B,0,1,B
qa_8043,A,1,1,A,1,1,A
qa_8050,B,0,0,A,0,0,A
qa_8055,C,1,1,C,1,1,C
qa_8067,A,0,0,B,0,1,A
qa_807,B,1,1,B,1,1,B
qa_8077,A,1,1,A,1,1,A
qa_8087,D,1,1,D,1,1,D
qa_8114,C,1,1,C,1,1,C
qa_812,B,0,0,A,0,0,A
qa_8122,C,1,1,C,1,1,C
qa_8126,C,0,1,C,0,1,C
qa_8131,D,1,1,D,1,1,D
qa_8133,B,1,1,B,1,1,B
qa_8134,C,1,1,C,1,1,C
qa_8143,B,1,1,B,1,1,B
qa_8145,B,1,1,B,1,1,B
qa_8147,B,1,1,B,1,1,B
qa_8151,B,1,1,B,1,1,B
qa_8157,B,0,1,B,0,1,B
qa_8162,B,1,1,B,1,1,B
qa_8172,A,0,0,D,0,0,D
qa_8177,B,1,1,B,1,1,B
qa_8182,C,1,1,C,1,1,C
qa_8183,D,1,1,D,1,1,D
qa_8191,D,1,1,D,1,1,D
qa_8198,C,1,1,C,1,1,C
qa_8203,D,0,1,D,0,1,D
qa_8222,B,1,0,A,1,1,B
qa_8226,B,1,1,B,1,1,B
qa_8228,B,1,1,B,1,1,B
qa_8231,A,1,1,A,1,1,A
qa_8249,A,1,1,A,1,1,A
qa_8256,B,1,1,B,1,1,B
qa_8258,D,1,1,D,1,1,D
qa_8268,C,1,1,C,1,1,C
qa_8269,D,1,1,D,1,1,D
qa_827,A,1,1,A,1,1,A
qa_8277,D,0,1,D,0,1,D
qa_8281,C,1,1,C,1,1,C
qa_8285,D,0,0,A,0,0,A
qa_8305,B,1,1,B,1,1,B
qa_8306,C,1,1,C,1,1,C
qa_8330,A,1,1,A,1,1,A
qa_8333,C,1,1,C,1,1,C
qa_8360,B,1,1,B,1,1,B
qa_8361,B,1,1,B,1,1,B
qa_8365,C,1,1,C,1,1,C
qa_837,D,1,1,D,1,1,D
qa_8374,B,1,1,B,1,1,B
qa_8377,D,0,0,B,0,0,B
qa_8379,C,1,1,C,1,1,C
qa_8394,B,1,1,B,1,1,B
qa_8399,B,1,1,B,1,1,B
qa_8404,D,1,1,D,1,1,D
qa_8409,D,1,1,D,1,1,D
qa_8414,A,1,1,A,1,1,A
qa_8424,A,1,1,A,1,1,A
qa_8425,C,1,1,C,1,1,C
qa_8426,B,0,1,B,0,1,B
qa_8428,D,1,1,D,1,1,D
qa_8440,B,1,1,B,1,0,A
qa_8441,C,1,1,C,1,1,C
qa_8442,B,1,1,B,1,1,B
qa_8443,C,1,1,C,1,0,A
qa_8447,A,1,1,A,1,1,A
qa_8448,A,0,0,B,0,0,B
qa_8452,C,0,0,B,0,1,C
qa_8457,D,1,1,D,1,1,D
qa_8459,C,1,1,C,1,1,C
qa_8467,C,1,1,C,1,1,C
qa_8476,B,0,1,B,0,1,B
qa_8481,A,1,1,A,1,1,A
qa_8486,C,1,1,C,1,1,C
qa_8492,B,1,1,B,1,1,B
qa_8496,A,1,1,A,1,1,A
qa_8500,D,1,1,D,1,1,D
qa_8501,C,1,1,C,1,1,C
qa_8508,B,0,1,B,0,0,D
qa_8511,A,1,1,A,1,1,A
qa_8512,B,1,1,B,1,1,B
qa_8513,D,1,1,D,1,1,D
qa_8514,B,1,1,B,1,1,B
qa_8517,A,1,1,A,1,1,A
qa_8519,C,1,1,C,1,1,C
qa_8527,D,1,1,D,1,1,D
qa_8528,D,1,1,D,1,1,D
qa_8531,D,1,1,D,1,1,D
qa_8533,B,1,1,B,1,1,B
qa_8543,A,1,1,A,1,1,A
qa_8554,C,1,1,C,1,1,C
qa_8556,C,0,0,A,0,0,A
qa_8559,D,1,1,D,1,1,D
qa_8560,A,0,0,B,0,0,B
qa_8573,C,1,1,C,1,1,C
qa_8581,D,1,1,D,1,1,D
qa_8583,D,0,1,D,0,1,D
qa_8589,D,1,1,D,1,1,D
qa_8597,A,1,1,A,1,1,A
qa_8600,D,1,1,D,1,1,D
qa_8613,A,1,1,A,1,1,A
qa_8615,A,1,1,A,1,1,A
qa_8618,C,1,1,C,1,1,C
qa_8629,C,1,1,C,1,1,C
qa_863,A,1,1,A,1,1,A
qa_8632,A,1,1,A,1,1,A
qa_8635,A,1,1,A,1,1,A
qa_8639,A,0,0,B,0,0,B
qa_8643,B,1,1,B,1,1,B
qa_8644,B,1,1,B,1,1,B
qa_8645,C,1,1,C,1,1,C
qa_8648,B,1,1,B,1,1,B
qa_8654,B,0,0,A,0,0,A
qa_8658,C,1,1,C,1,1,C
qa_8664,A,1,1,A,1,1,A
qa_8675,B,0,0,D,0,0,D
qa_8679,A,1,1,A,1,1,A
qa_8681,A,1,1,A,1,1,A
qa_8686,C,1,1,C,1,1,C
qa_8694,D,1,1,D,1,1,D
qa_8695,C,1,1,C,1,1,C
qa_8704,C,1,1,C,1,1,C
qa_8705,C,1,1,C,1,1,C
qa_8712,D,1,1,D,1,1,D
qa_8717,D,1,1,D,1,1,D
qa_8719,B,1,1,B,1,1,B
qa_8726,D,0,1,D,0,0,A
qa_8728,D,1,1,D,1,1,D
qa_8735,B,1,1,B,1,1,B
qa_8739,A,1,1,A,1,1,A
qa_8740,E,0,0,A,0,0,A
qa_8743,D,1,1,D,1,1,D
qa_8744,A,1,1,A,1,1,A
qa_8756,C,1,1,C,1,1,C
qa_8759,A,1,1,A,1,1,A
qa_8767,D,1,1,D,1,1,D
qa_8779,A,1,1,A,1,1,A
qa_8782,B,1,1,B,1,1,B
qa_8787,B,0,0,D,0,0,D
qa_8792,C,1,1,C,1,1,C
qa_8796,A,1,1,A,1,1,A
qa_8801,D,0,1,D,0,1,D
qa_8803,D,0,0,A,0,0,A
qa_8805,D,1,1,D,1,1,D
qa_8806,B,1,1,B,1,1,B
qa_8814,A,1,1,A,1,1,A
qa_8819,A,1,1,A,1,1,A
qa_8825,C,1,1,C,1,1,C
qa_8828,D,1,1,D,1,1,D
qa_8829,C,0,1,C,0,1,C
qa_8831,A,1,1,A,1,1,A
qa_8833,C,1,1,C,1,1,C
qa_8837,D,1,1,D,1,1,D
qa_8844,D,1,1,D,1,1,D
qa_8851,B,1,1,B,1,1,B
qa_8858,C,1,1,C,1,1,C
qa_8859,A,1,1,A,1,1,A
qa_8862,A,1,1,A,1,1,A
qa_8866,C,1,1,C,1,1,C
qa_8870,C,1,1,C,1,1,C
qa_8873,D,1,1,D,1,1,D
qa_8874,A,1,1,A,1,1,A
qa_8876,D,1,1,D,1,1,D
qa_8881,C,1,1,C,1,1,C
qa_8888,B,1,1,B,1,1,B
qa_8890,C,1,1,C,1,1,C
qa_8901,D,0,1,D,0,0,A
qa_8902,C,1,1,C,1,1,C
qa_8911,B,1,1,B,1,1,B
qa_8912,D,1,1,D,1,1,D
qa_8913,A,1,1,A,1,1,A
qa_8917,A,1,1,A,1,1,A
qa_8918,B,1,1,B,1,0,A
qa_8920,A,1,1,A,1,1,A
qa_8926,A,1,1,A,1,1,A
qa_8928,C,1,1,C,1,1,C
qa_8933,C,1,1,C,1,1,C
qa_8934,D,1,1,D,1,1,D
qa_8935,D,1,1,D,1,1,D
qa_8936,A,1,1,A,1,1,A
qa_8938,C,1,1,C,1,1,C
qa_8943,B,1,1,B,1,1,B
qa_8949,C,1,1,C,1,1,C
qa_8953,B,1,1,B,1,1,B
qa_8955,B,0,1,B,0,1,B
qa_8957,B,1,1,B,1,1,B
qa_8958,B,1,1,B,1,1,B
qa_8961,A,1,1,A,1,0,D
qa_8963,B,0,1,B,0,1,B
qa_8970,C,1,1,C,1,1,C
qa_8971,B,1,1,B,1,1,B
qa_8975,D,1,1,D,1,1,D
qa_8979,B,1,1,B,1,1,B
qa_8982,A,0,1,A,0,0,B
qa_9000,A,1,1,A,1,1,A
qa_9003,A,1,1,A,1,1,A
qa_9009,A,0,1,A,0,1,A
qa_9015,B,1,1,B,1,1,B
qa_9016,D,1,1,D,1,1,D
qa_9019,B,1,1,B,1,1,B
qa_9020,A,1,1,A,1,1,A
qa_9022,D,1,1,D,1,1,D
qa_9029,B,0,0,D,0,0,D
qa_905,E,0,0,B,0,0,B
qa_9057,A,1,1,A,1,1,A
qa_9073,B,1,1,B,1,1,B
qa_9080,D,1,1,D,1,1,D
qa_9084,A,1,1,A,1,1,A
qa_9089,A,1,1,A,1,1,A
qa_9092,C,1,1,C,1,1,C
qa_9095,B,1,1,B,1,1,B
qa_9100,D,1,1,D,1,1,D
qa_9101,B,1,1,B,1,1,B
qa_9102,B,1,1,B,1,1,B
qa_9107,D,1,1,D,1,1,D
qa_9123,C,1,1,C,1,1,C
qa_9124,C,1,1,C,1,1,C
qa_9126,A,1,1,A,1,1,A
qa_9127,B,1,1,B,1,1,B
qa_9128,C,1,1,C,1,1,C
qa_9138,B,1,1,B,1,1,B
qa_9142,C,1,1,C,1,1,C
qa_9144,B,1,1,B,1,1,B
qa_9146,A,1,1,A,1,1,A
qa_9148,A,1,1,A,1,1,A
qa_9149,A,1,1,A,1,1,A
qa_9150,D,1,1,D,1,1,D
qa_9155,A,1,1,A,1,1,A
qa_9161,C,1,1,C,1,1,C
qa_9166,C,1,1,C,1,1,C
qa_9167,D,1,1,D,1,1,D
qa_9174,D,1,1,D,1,1,D
qa_9175,A,1,1,A,1,1,A
qa_9179,B,0,0,D,0,0,D
qa_9187,D,1,1,D,1,1,D
qa_9188,C,1,1,C,1,1,C
qa_9194,C,1,1,C,1,1,C
qa_9200,B,1,1,B,1,1,B
qa_9201,D,1,1,D,1,1,D
qa_9207,C,1,1,C,1,1,C
qa_9211,A,1,1,A,1,1,A
qa_9220,C,1,1,C,1,1,C
qa_9222,C,1,1,C,1,1,C
qa_9224,D,1,0,A,1,1,D
qa_9226,B,0,1,B,0,1,B
qa_924,A,1,1,A,1,1,A
qa_9243,D,1,1,D,1,1,D
qa_9252,B,1,1,B,1,1,B
qa_9255,C,1,1,C,1,1,C
qa_9261,C,1,1,C,1,1,C
qa_9263,A,1,1,A,1,1,A
qa_9267,B,1,1,B,1,1,B
qa_9271,D,1,1,D,1,1,D
qa_9275,A,1,1,A,1,1,A
qa_9277,B,1,1,B,1,1,B
qa_9280,A,1,1,A,1,1,A
qa_9283,A,1,1,A,1,1,A
qa_93,A,0,0,E,0,0,E
qa_9305,B,1,1,B,1,1,B
qa_9308,B,1,1,B,1,1,B
qa_9311,D,1,1,D,1,1,D
qa_9312,D,1,1,D,1,1,D
qa_9314,A,0,0,B,0,1,A
qa_9315,D,1,1,D,1,1,D
qa_9317,C,1,1,C,1,1,C
qa_9319,A,1,1,A,1,1,A
qa_9320,A,0,0,C,0,0,C
qa_9321,A,1,1,A,1,1,A
qa_9329,C,1,1,C,1,1,C
qa_9350,B,1,1,B,1,1,B
qa_9358,B,1,1,B,1,1,B
qa_9364,B,1,1,B,1,1,B
qa_9366,B,1,1,B,1,1,B
qa_9367,C,1,1,C,1,1,C
qa_9380,A,1,1,A,1,1,A
qa_9389,C,0,1,C,0,1,C
qa_9391,C,1,1,C,1,1,C
qa_9405,C,1,1,C,1,1,C
qa_941,E,1,1,E,1,1,E
qa_9423,C,1,1,C,1,1,C
qa_9428,D,0,0,B,0,0,B
qa_9433,A,1,1,A,1,1,A
qa_9436,C,1,1,C,1,1,C
qa_9438,A,1,1,A,1,1,A
qa_9439,D,1,1,D,1,1,D
qa_9447,C,1,1,C,1,1,C
qa_9450,C,1,1,C,1,1,C
qa_9457,A,1,1,A,1,1,A
qa_946,D,1,1,D,1,1,D
qa_9467,A,1,1,A,1,1,A
qa_9468,C,1,1,C,1,1,C
qa_9479,A,1,1,A,1,1,A
qa_9486,A,1,1,A,1,1,A
qa_9487,A,1,1,A,1,1,A
qa_9490,B,0,0,A,0,0,A
qa_9491,B,1,1,B,1,1,B
qa_9503,C,1,1,C,1,1,C
qa_9507,B,1,1,B,1,1,B
qa_9508,B,0,0,C,0,0,C
qa_9514,B,1,1,B,1,1,B
qa_9515,B,1,1,B,1,1,B
qa_9529,A,1,1,A,1,1,A
qa_9531,D,1,1,D,1,1,D
qa_9535,D,1,1,D,1,1,D
qa_9539,C,1,1,C,1,1,C
qa_9542,D,0,1,D,0,1,D
qa_9548,A,1,1,A,1,1,A
qa_9553,B,1,1,B,1,1,B
qa_9563,C,1,1,C,1,1,C
qa_9567,A,0,0,C,0,0,C
qa_9568,A,1,1,A,1,1,A
qa_9573,C,1,1,C,1,1,C
qa_9575,B,1,1,B,1,1,B
qa_9577,C,1,1,C,1,1,C
qa_9593,C,1,1,C,1,1,C
qa_9613,B,1,1,B,1,1,B
qa_9644,A,1,1,A,1,1,A
qa_9752,A,1,1,A,1,1,A
qa_9763,A,0,0,B,0,0,B
qa_9777,A,1,1,A,1,1,A
qa_9884,B,1,1,B,1,1,B
qa_9928,A,1,1,A,1,1,A
qa_9940,A,0,0,B,0,0,B
